"key","en","de","fr","ar","es","it"
"+{{value0}}","+{{value0}}","+{{value0}}","+{{value0}}","+{{value0}}","+{{value0}}","+{{value0}}"
"API environment: {{environment}} ({{apiUrl}})","API environment: {{environment}} ({{apiUrl}})","API-Umgebung: {{environment}} ({{apiUrl}})","Environnement API : {{environment}} ({{apiUrl}})","بيئة API: {{environment}} ({{apiUrl}})","Entorno API: {{environment}} ({{apiUrl}})","Ambiente API: {{environment}} ({{apiUrl}})"
"Accepted Offer","Accepted Offer","Angebot angenommen","Offre acceptée","عرض مقبول","Oferta aceptada","Offerta accettata"
"Accepted at:","Accepted at:","Akzeptiert bei:","Accepté à :","مقبول في:","Aceptado en:","Accettata alle:"
"Account","Account","Konto","Compte","حساب","Cuenta","Account"
"Active","Active","Aktiv","Actif","نشط","Activo","Attivi"
"Active Order","Active Order","Aktiver Auftrag","Commande active","طلب نشط","Pedido activo","Ordine attivo"
"Active Request","Active Request","Aktive Anfrage","Demande active","الطلب النشط","Solicitud activa","Richiesta attiva"
"Active Requests","Active Requests","Aktive Anfragen","Demandes actives","الطلبات النشطة","Solicitudes activas","Richieste attive"
"Add Money","Add Money","Geld hinzufügen","Ajouter de l'argent","أضف رصيدًا","Agregar dinero","Aggiungi fondi"
"Add Photos","Add Photos","Fotos hinzufügen","Ajouter des photos","أضف صورًا","Agregar fotos","Aggiungi foto"
"Add a note for drivers, optional","Add a note for drivers, optional","Fügen Sie optional eine Notiz für Fahrer hinzu.","Ajouter une note aux conducteurs (facultatif)","أضف ملاحظة للسائقين، اختياري","Añadir una nota para los conductores (opcional)","Aggiungi una nota per gli autisti, facoltativa"
"Add any notes or extra details about the vehicle condition","Add any notes or extra details about the vehicle condition","Fügen Sie alle Anmerkungen oder zusätzlichen Details zum Fahrzeugzustand hinzu.","Ajoutez toute note ou tout détail supplémentaire concernant l'état du véhicule.","أضف أي ملاحظات أو تفاصيل إضافية حول حالة المركبة","Agregue cualquier nota o detalle adicional sobre el estado del vehículo.","Aggiungi eventuali note o dettagli aggiuntivi sulle condizioni del veicolo"
"Add clear furniture photos so drivers can suggest the right helpers and equipment.","Add clear furniture photos so drivers can suggest the right helpers and equipment.","Fügen Sie aussagekräftige Fotos der Möbel hinzu, damit die Fahrer die passenden Helfer und Ausrüstungsgegenstände vorschlagen können.","Ajoutez des photos claires du mobilier afin que les chauffeurs puissent suggérer les assistants et le matériel adéquats.","أضف صورًا واضحة للأثاث حتى يتمكن السائقون من اقتراح المساعدين والمعدات المناسبة.","Añade fotos claras de los muebles para que los conductores puedan sugerir a los ayudantes y el equipo adecuados.","Aggiungi foto chiare dei mobili affinché gli autisti possano suggerire il numero corretto di aiutanti e l'attrezzatura necessaria."
"Add clear photos to help drivers give accurate quotes.","Add clear photos to help drivers give accurate quotes.","Fügen Sie aussagekräftige Fotos hinzu, damit die Fahrer genaue Angebote abgeben können.","Ajoutez des photos nettes pour aider les chauffeurs à fournir des devis précis.","أضف صورًا واضحة لمساعدة السائقين على تقديم عروض أسعار دقيقة.","Añade fotos claras para ayudar a los conductores a dar presupuestos precisos.","Aggiungi foto chiare per aiutare gli autisti a fornire preventivi accurati."
"Add feedback about the driver, optional","Add feedback about the driver, optional","Feedback zum Fahrer hinzufügen (optional)","Ajouter des commentaires sur le conducteur (facultatif)","أضف ملاحظاتك حول السائق، اختياري","Agregar comentarios sobre el conductor (opcional)","Aggiungi un commento sull'autista, facoltativo"
"Add helpers if the furniture requires extra loading support.","Add helpers if the furniture requires extra loading support.","Zusätzliche Helfer sind erforderlich, wenn die Möbelstücke eine zusätzliche Lastunterstützung benötigen.","Ajoutez des personnes supplémentaires si le meuble nécessite un support de charge supplémentaire.","أضف مساعدين إذا كانت قطع الأثاث تتطلب دعماً إضافياً للتحميل.","Si los muebles requieren soporte adicional para cargarlos, añada ayudantes.","Aggiungi aiutanti se i mobili richiedono ulteriore assistenza durante il carico."
"Add money using a card entered securely with Stripe.","Add money using a card entered securely with Stripe.","Laden Sie Guthaben mit einer sicher eingegebenen Karte (Stripe) auf.","Ajoutez de l'argent à l'aide d'une carte saisie de manière sécurisée avec le code Stripe.","أضف الأموال باستخدام بطاقة تم إدخالها بشكل آمن باستخدام الرمز Stripe.","Añadir dinero mediante una tarjeta introducida de forma segura con el código Stripe.","Aggiungi fondi utilizzando una carta inserita in modo sicuro tramite Stripe."
"Add money using a debit card entered securely with Stripe.","Add money using a debit card entered securely with Stripe.","Laden Sie Guthaben mit einer Debitkarte auf, die sicher mit Stripe eingegeben wurde.","Ajoutez de l'argent en utilisant une carte de débit saisie de manière sécurisée avec Stripe.","أضف الأموال باستخدام بطاقة الخصم المباشر التي تم إدخالها بشكل آمن باستخدام الرمز Stripe.","Agregar dinero usando una tarjeta de débito ingresada de forma segura con Stripe.","Aggiungi fondi utilizzando una carta di debito inserita in modo sicuro tramite Stripe."
"Add photos, item details, helper needs, and moving time before choosing the pickup location.","Add photos, item details, helper needs, and moving time before choosing the pickup location.","Fügen Sie Fotos, Artikeldetails, benötigte Helfer und die gewünschte Umzugszeit hinzu, bevor Sie den Abholort auswählen.","Ajoutez des photos, les détails de l'article, vos besoins en aide et l'heure du déménagement avant de choisir le lieu de prise en charge.","أضف الصور وتفاصيل المنتج واحتياجات المساعدة ووقت النقل قبل اختيار موقع الاستلام.","Añade fotos, detalles del artículo, necesidades de ayuda y tiempo de mudanza antes de elegir el lugar de recogida.","Aggiungi foto, dettagli degli articoli, necessità di aiutanti e orario del trasloco prima di scegliere il luogo di ritiro."
"Add size, weight, timing, and handling notes before choosing the pickup location.","Add size, weight, timing, and handling notes before choosing the pickup location.","Fügen Sie vor der Auswahl des Abholorts Hinweise zu Größe, Gewicht, Zeitpunkt und Handhabung hinzu.","Ajoutez des notes concernant la taille, le poids, le délai et la manutention avant de choisir le lieu de prise en charge.","أضف ملاحظات حول الحجم والوزن والتوقيت والتعامل قبل اختيار موقع الاستلام.","Antes de elegir el lugar de recogida, añada notas sobre el tamaño, el peso, el tiempo de entrega y las condiciones de manipulación.","Aggiungi dimensioni, peso, tempistica e note sulla movimentazione prima di scegliere il luogo di ritiro."
"Add the motorcycle details, pickup timing and photos before choosing the route.","Add the motorcycle details, pickup timing and photos before choosing the route.","Fügen Sie die Motorraddetails, die Abholzeit und Fotos hinzu, bevor Sie die Route auswählen.","Ajoutez les détails de la moto, l'heure de prise en charge et des photos avant de choisir l'itinéraire.","أضف تفاصيل الدراجة النارية، وتوقيت الاستلام، والصور قبل اختيار المسار.","Añade los detalles de la motocicleta, la hora de recogida y las fotos antes de elegir la ruta.","Aggiungi i dettagli della moto, l'orario di ritiro e le foto prima di scegliere il percorso."
"Added:","Added:","Hinzugefügt:","Ajouté :","تمت الإضافة:","Agregado:","Aggiunto:"
"Additional Charges","Additional Charges","Zusätzliche Gebühren","Frais supplémentaires","رسوم إضافية","Cargos adicionales","Costi aggiuntivi"
"Additional charge","Additional charge","Aufpreis","Frais supplémentaires","رسوم إضافية","cargo adicional","Costo aggiuntivo"
"Additional charge added","Additional charge added","Zusätzlicher Aufschlag wird erhoben","Frais supplémentaires ajoutés","تمت إضافة رسوم إضافية","Se añade un cargo adicional","Costo aggiuntivo inserito"
"Additional charges failed: {{value0}}","Additional charges failed: {{value0}}","Zusätzliche Gebühren fehlgeschlagen: {{value0}}","Les frais supplémentaires ont échoué : {{value0}}","فشلت عمليات الاحتيال الإضافية: {{value0}}","Los cargos adicionales fallaron: {{value0}}","Errore nel caricamento dei costi aggiuntivi: {{value0}}"
"Additional notes","Additional notes","Zusätzliche Anmerkungen","Notes complémentaires","ملاحظات إضافية","Notas adicionales","Note aggiuntive"
"Additional notes cannot exceed {{value0}} characters.","Additional notes cannot exceed {{value0}} characters.","Zusätzliche Anmerkungen dürfen {{value0}} Zeichen nicht überschreiten.","Les notes supplémentaires ne peuvent pas dépasser {{value0}} caractères.","لا يمكن أن تتجاوز الملاحظات الإضافية عدد الأحرف {{value0}}.","Las notas adicionales no pueden exceder los {{value0}} caracteres.","Le note aggiuntive non possono superare {{value0}} caratteri."
"After pickup: automatic cancellation is not available and the case goes to manual review.","After pickup: automatic cancellation is not available and the case goes to manual review.","Nach der Abholung: Eine automatische Stornierung ist nicht möglich und der Fall wird manuell geprüft.","Après la prise en charge : l’annulation automatique n’est pas possible et le dossier fait l’objet d’un examen manuel.","بعد الاستلام: لا يتوفر الإلغاء التلقائي، وتتم مراجعة الحالة يدويًا.","Tras la recogida: la cancelación automática no está disponible y el caso pasa a revisión manual.","Dopo il ritiro: la cancellazione automatica non è disponibile e il caso viene sottoposto a revisione manuale."
"Agree to Terms of Service and Privacy Policy","Agree to Terms of Service and Privacy Policy","","","","","Accetta i Termini di servizio e l'Informativa sulla privacy"
"Agreed amount","Agreed amount","Vereinbarter Betrag","Montant convenu","المبلغ المتفق عليه","Cantidad acordada","Importo concordato"
"Alerts","Alerts","Warnmeldungen","Alertes","التنبيهات","Alertas","Avvisi"
"All offers are no longer pending.","All offers are no longer pending.","Alle Angebote sind nicht mehr in Bearbeitung.","Toutes les offres ne sont plus en suspens.","جميع العروض لم تعد معلقة.","Todas las ofertas ya no están pendientes.","Non ci sono più offerte in sospeso."
"Already have an account? Sign in","Already have an account? Sign in","Sie haben bereits ein Konto? Anmelden","Vous avez déjà un compte ? Connectez-vous","لديك حساب بالفعل؟ سجّل الدخول","¿Ya tienes una cuenta? Inicia sesión","Hai già un account? Accedi"
"Amount","Amount","Menge","Montant","كمية","Cantidad","Importo"
"Android USB device","Android USB device","Android USB-Gerät","Dispositif USB Android","جهاز USB Android","Dispositivo USB Android","Dispositivo Android USB"
"Android emulator","Android emulator","Android-Emulator","Émulateur Android","محاكي Android","emulador Android","Emulatore Android"
"Android, iOS, and web support","Android, iOS, and web support","Android-, iOS- und Web-Unterstützung","Prise en charge d'Android, iOS et Web","دعم Android وiOS والويب","Compatibilidad con Android, iOS y web","Supporto Android, iOS e Web"
"Animations","Animations","Animationen","Animations","الرسوم المتحركة","Animaciones","Animazioni"
"App Wallet","App Wallet","App-Guthaben","Portefeuille d'application","محفظة التطبيقات","Monedero de aplicaciones","Portafoglio dell'app"
"App wallet","App wallet","App-Wallet","Portefeuille d'applications","محفظة التطبيقات","Monedero de aplicación","Portafoglio dell'app"
"Apple Pay","Apple Pay","Apple Pay","Apple Pay","Apple Pay","Apple Pay","Apple Pay"
"Apple Pay and Google Pay require a development build or production build. They are not available in Expo Go.","Apple Pay and Google Pay require a development build or production build. They are not available in Expo Go.","Apple Pay und Google Pay erfordern eine Entwicklungs- oder Produktionsversion. Sie sind in Expo Go nicht verfügbar.","Apple Pay et Google Pay nécessitent une version de développement ou de production. Ils ne sont pas disponibles dans Expo Go.","يتطلب كل من Apple Pay و Google Pay إصدارًا تجريبيًا أو إصدارًا إنتاجيًا. وهما غير متوفرين في Expo Go.","Apple Pay y Google Pay requieren una versión de desarrollo o de producción. No están disponibles en Expo Go.","Apple Pay e Google Pay richiedono una build di sviluppo o di produzione. Non sono disponibili in Expo Go."
"Apple Pay is currently unavailable on this device.","Apple Pay is currently unavailable on this device.","Apple Pay ist auf diesem Gerät derzeit nicht verfügbar.","Apple Pay n'est actuellement pas disponible sur cet appareil.","Apple Pay غير متوفر حاليًا على هذا الجهاز.","Apple Pay no está disponible actualmente en este dispositivo.","Apple Pay non è attualmente disponibile su questo dispositivo."
"Apple Pay is not configured. Set EXPO_PUBLIC_STRIPE_MERCHANT_IDENTIFIER and rebuild the iOS app.","Apple Pay is not configured. Set EXPO_PUBLIC_STRIPE_MERCHANT_IDENTIFIER and rebuild the iOS app.","Apple Pay ist nicht konfiguriert. Legen Sie EXPO_PUBLIC_STRIPE_MERCHANT_IDENTIFIER fest und erstellen Sie die Anwendung iOS neu.","Apple Pay n'est pas configuré. Configurez EXPO_PUBLIC_STRIPE_MERCHANT_IDENTIFIER et recompilez l'application iOS.","لم يتم تكوين Apple Pay. قم بتعيين EXPO_PUBLIC_STRIPE_MERCHANT_IDENTIFIER وأعد بناء تطبيق iOS.","Apple Pay no está configurado. Configure EXPO_PUBLIC_STRIPE_MERCHANT_IDENTIFIER y vuelva a compilar la aplicación iOS.","Apple Pay non è configurato. Imposta EXPO_PUBLIC_STRIPE_MERCHANT_IDENTIFIER e ricompila l'app iOS."
"Apple Pay is not configured. Set EXPO_PUBLIC_STRIPE_MERCHANT_IDENTIFIER to your real Apple merchant identifier and rebuild the iOS app.","Apple Pay is not configured. Set EXPO_PUBLIC_STRIPE_MERCHANT_IDENTIFIER to your real Apple merchant identifier and rebuild the iOS app.","Apple Pay ist nicht konfiguriert. Legen Sie für EXPO_PUBLIC_STRIPE_MERCHANT_IDENTIFIER Ihre tatsächliche Apple-Händlerkennung fest und erstellen Sie die App iOS neu.","Apple Pay n'est pas configuré. Attribuez à EXPO_PUBLIC_STRIPE_MERCHANT_IDENTIFIER votre véritable identifiant marchand Apple et recréez l'application iOS.","لم يتم تكوين Apple Pay. قم بتعيين EXPO_PUBLIC_STRIPE_MERCHANT_IDENTIFIER إلى مُعرّف تاجر Apple الحقيقي الخاص بك وأعد بناء تطبيق iOS.","Apple Pay no está configurado. Configure EXPO_PUBLIC_STRIPE_MERCHANT_IDENTIFIER con su identificador de comercio real de Apple y vuelva a compilar la aplicación iOS.","Apple Pay non è configurato. Imposta EXPO_PUBLIC_STRIPE_MERCHANT_IDENTIFIER con il tuo vero identificatore commerciante Apple e ricompila l'app iOS."
"Apple Pay is only available on iOS.","Apple Pay is only available on iOS.","Apple Pay ist nur auf iOS verfügbar.","Apple Pay est uniquement disponible sur iOS.","Apple Pay متوفر فقط على iOS.","Apple Pay solo está disponible en iOS.","Apple Pay è disponibile solo su iOS."
"Approx. Weight (kg)","Approx. Weight (kg)","Ungefähres Gewicht (kg)","Poids approximatif (kg)","الوزن التقريبي (كجم)","Peso aproximado (kg)","Peso approssimativo (kg)"
"Approximate Number of Items","Approximate Number of Items","Ungefähre Anzahl der Artikel","Nombre approximatif d'articles","عدد العناصر التقريبي","Número aproximado de artículos","Numero approssimativo di articoli"
"Approximate item count must be at least 1.","Approximate item count must be at least 1.","Die ungefähre Anzahl der Artikel muss mindestens 1 betragen.","Le nombre approximatif d'articles doit être d'au moins 1.","يجب أن يكون عدد العناصر التقريبي 1 على الأقل.","El número aproximado de artículos debe ser de al menos 1.","Il numero approssimativo di articoli deve essere almeno 1."
"Approximate item count:","Approximate item count:","Ungefähre Stückzahl:","Nombre approximatif d'articles :","عدد الأصناف التقريبي:","Cantidad aproximada de artículos:","Numero approssimativo di articoli:"
"Approximate weight","Approximate weight","Ungefähres Gewicht","Poids approximatif","الوزن التقريبي","Peso aproximado","Peso approssimativo"
"Approximate weight must be greater than 0.","Approximate weight must be greater than 0.","Das ungefähre Gewicht muss größer als 0 sein.","Le poids approximatif doit être supérieur à 0.","يجب أن يكون الوزن التقريبي أكبر من 0.","El peso aproximado debe ser mayor que 0.","Il peso approssimativo deve essere maggiore di 0."
"Approximate weight:","Approximate weight:","Ungefähres Gewicht:","Poids approximatif :","الوزن التقريبي:","Peso aproximado:","Peso approssimativo:"
"Arabic","Arabic","Arabisch","arabe","عربي","árabe","Arabo"
"Assigned driver","Assigned driver","Zugewiesener Fahrer","Chauffeur désigné","السائق المعين","Conductor asignado","Autista assegnato"
"Available balance","Available balance","Verfügbares Guthaben","Solde disponible","الرصيد المتاح","Saldo disponible","Saldo disponibile"
"BMW 320i 2020 / Sofa set / 10 moving boxes","BMW 320i 2020 / Sofa set / 10 moving boxes","BMW 320i 2020 / Sofagarnitur / 10 Umzugskartons","BMW 320i 2020 / Ensemble canapé / 10 cartons de déménagement","بي إم دبليو 320i موديل 2020 / طقم كنب / 10 صناديق نقل","BMW 320i 2020 / Juego de sofás / 10 cajas de mudanza","BMW 320i 2020 / Set di divani / 10 scatole da trasloco"
"Back","Back","Zurück","Retour","رجوع","Atrás","Indietro"
"Back to Offers","Back to Offers","Zurück zu den Angeboten","Retour aux offres","العودة إلى العروض","Volver a las ofertas","Torna alle offerte"
"Back to Sign in","Back to Sign in","Zurück zur Anmeldung","Retour à la connexion","العودة إلى تسجيل الدخول","Volver a iniciar sesión","Torna all'accesso"
"Back to request status","Back to request status","Zurück zum Anfragestatus","Retour à l'état de la demande","العودة إلى حالة الطلب","Volver al estado de la solicitud","Torna allo stato della richiesta"
"Back to sign in","Back to sign in","Zurück zur Anmeldeseite","Retour à la page de connexion","العودة إلى تسجيل الدخول","Volver a iniciar sesión","Torna all'accesso"
"Battery is dead","Battery is dead","Die Batterie ist leer.","La batterie est déchargée.","البطارية فارغة","La batería está agotada.","Batteria scarica"
"Before pickup: 85% is refunded automatically and 15% is kept as the cancellation fee.","Before pickup: 85% is refunded automatically and 15% is kept as the cancellation fee.","Vor der Abholung: 85 % werden automatisch zurückerstattet, 15 % werden als Stornogebühr einbehalten.","Avant la prise en charge : 85 % sont remboursés automatiquement et 15 % sont retenus à titre de frais d’annulation.","قبل الاستلام: يتم استرداد 85% تلقائيًا ويتم الاحتفاظ بنسبة 15% كرسوم إلغاء.","Antes de la recogida: se reembolsa automáticamente el 85 % y se retiene el 15 % restante como cargo por cancelación.","Prima del ritiro: l'85% viene rimborsato automaticamente e il 15% viene trattenuto come commissione di cancellazione."
"Best for","Best for","Am besten geeignet für","Idéal pour","الأفضل لـ","Lo mejor para","Ideale per"
"Bikes, scooters and motorbikes.","Bikes, scooters and motorbikes.","Fahrräder, Roller und Motorräder.","Vélos, scooters et motos.","الدراجات الهوائية، والدراجات البخارية، والدراجات النارية.","Bicicletas, patinetes y motocicletas.","Biciclette, scooter e motociclette."
"Body Type","Body Type","Karosserietyp","Type de corps","نوع الجسم","Tipo de cuerpo","Tipo di carrozzeria"
"Body class:","Body class:","Körperklasse:","Catégorie corporelle :","فئة الجسم:","Clase de cuerpo:","Tipo di carrozzeria:"
"Brand (optional)","Brand (optional)","Marke (optional)","Marque (facultatif)","العلامة التجارية (اختياري)","Marca (opcional)","Marca (facoltativa)"
"Brand/Model/Year: {{brand}} / {{model}} / {{year}}","Brand/Model/Year: {{brand}} / {{model}} / {{year}}","Marke/Modell/Jahr: {{brand}} / {{model}} / {{year}}","Marque/Modèle/Année : {{brand}} / {{model}} / {{year}}","العلامة التجارية/الطراز/السنة: {{brand}} / {{model}} / {{year}}","Marca/Modelo/Año: {{brand}} / {{model}} / {{year}}","Marca/Modello/Anno: {{brand}} / {{model}} / {{year}}"
"By continuing, you agree to our Terms and Privacy Policy.","By continuing, you agree to our Terms and Privacy Policy.","Mit dem Fortfahren stimmen Sie unseren Nutzungsbedingungen und unserer Datenschutzrichtlinie zu.","En continuant, vous acceptez nos Conditions d’utilisation et notre Politique de confidentialité.","بالمتابعة، أنت توافق على الشروط وسياسة الخصوصية.","Al continuar, aceptas nuestros Términos y Política de privacidad.","Continuando, accetti i nostri Termini di servizio e l'Informativa sulla privacy."
"Camera permission is needed to take photos.","Camera permission is needed to take photos.","Für das Fotografieren wird eine Kameraerlaubnis benötigt.","L'autorisation de prendre des photos est nécessaire.","يلزم الحصول على إذن لاستخدام الكاميرا لالتقاط الصور.","Se necesita permiso para tomar fotografías.","È necessario il permesso di accesso alla fotocamera per scattare foto."
"Can be driven","Can be driven","Kann gefahren werden","Peut être conduit","يمكن قيادتها","Se puede conducir","Può essere guidato"
"Can help loading:","Can help loading:","Kann beim Laden helfen:","Peut aider au chargement :","يمكن أن يساعد في التحميل:","Puede ayudar a cargar:","Può aiutare con il carico:"
"Cancel","Cancel","Abbrechen","Annuler","إلغاء","Cancelar","Annulla"
"Cancel Order","Cancel Order","Bestellung stornieren","Annuler la commande","إلغاء الطلب","Cancelar pedido","Annulla ordine"
"Cancel now: refund","Cancel now: refund","Jetzt stornieren: Rückerstattung","Annulation immédiate : remboursement","ألغِ الآن: استرداد المبلغ","Cancelar ahora: reembolso","Annulla ora: rimborso"
"Cancel now: refund {{refund}} and keep fee {{fee}}.","Cancel now: refund {{refund}} and keep fee {{fee}}.","Jetzt stornieren: Rückerstattung {{refund}} und Einbehaltung der Gebühr {{fee}}.","Annulation immédiate : remboursement de {{refund}} et conservation des frais {{fee}}.","قم بالإلغاء الآن: سيتم استرداد المبلغ {{refund}} والاحتفاظ بالرسوم {{fee}}.","Cancela ahora: reembolso {{refund}} y retención de la tarifa {{fee}}.","Annulla ora: rimborso di {{refund}} e commissione trattenuta di {{fee}}."
"Cancel trip","Cancel trip","Reise stornieren","Annulation du voyage","إلغاء الرحلة","Cancelar viaje","Annulla trasporto"
"Cancel trip?","Cancel trip?","Reise stornieren?","Annuler le voyage ?","هل ألغيت الرحلة؟","¿Cancelar el viaje?","Annullare il trasporto?"
"Cancellation policy","Cancellation policy","Stornierungsbedingungen","Politique d'annulation","سياسة الإلغاء","Política de cancelación","Politica di cancellazione"
"Cancelled","Cancelled","Storniert","Annulé","ملغى","Cancelado","Annullati"
"Cancelling…","Cancelling…","Stornierung…","Annulation…","إلغاء…","Cancelado…","Annullamento…"
"Cannot be towed normally","Cannot be towed normally","Kann nicht normal abgeschleppt werden.","Ne peut pas être remorqué normalement","لا يمكن سحبها بشكل طبيعي","No se puede remolcar normalmente","Non può essere trainato normalmente"
"Cannot connect socket without auth token.","Cannot connect socket without auth token.","Ohne Authentifizierungstoken kann keine Verbindung zum Socket hergestellt werden.","Impossible de connecter le socket sans jeton d'authentification.","لا يمكن توصيل المقبس بدون رمز المصادقة.","No se puede conectar el socket sin token de autenticación.","Impossibile connettere il socket senza token di autenticazione."
"Cannot reach backend at {{value0}}. Verify {{value1}} and backend network access. {{value2}}.","Cannot reach backend at {{value0}}. Verify {{value1}} and backend network access. {{value2}}.","Das Backend unter {{value0}} ist nicht erreichbar. Bitte überprüfen Sie {{value1}} und den Netzwerkzugriff des Backends. {{value2}}.","Impossible de joindre le serveur dorsal à l'adresse {{value0}}. Vérifiez l'accès réseau au serveur dorsal ({{value1}} et {{value2}}).","لا يمكن الوصول إلى الخادم الخلفي على العنوان {{value0}}. يرجى التحقق من الوصول إلى شبكة الخادم الخلفي على العنوان {{value1}}. {{value2}}.","No se puede acceder al servidor en {{value0}}. Verifique {{value1}} y el acceso a la red del servidor. {{value2}}.","Impossibile raggiungere il backend all'indirizzo {{value0}}. Verifica {{value1}} e l'accesso di rete al backend. {{value2}}."
"Card Details","Card Details","Kartendetails","Détails de la carte","تفاصيل البطاقة","Detalles de la tarjeta","Dettagli della carta"
"Card details","Card details","Kartendetails","Détails de la carte","تفاصيل البطاقة","Datos de la tarjeta","Dettagli della carta"
"Cars, SUVs, vans and trucks.","Cars, SUVs, vans and trucks.","Pkw, Geländewagen, Lieferwagen und Lastwagen.","Voitures, VUS, fourgonnettes et camions.","السيارات، وسيارات الدفع الرباعي، والشاحنات الصغيرة، والشاحنات.","Automóviles, SUV, furgonetas y camiones.","Auto, SUV, furgoni e camion."
"Change phone number","Change phone number","Telefonnummer ändern","Modifier le numéro de téléphone","تغيير رقم الهاتف","Cambiar número de teléfono","Cambia numero di telefono"
"Chassis number:","Chassis number:","Fahrgestellnummer:","Numéro de châssis :","رقم الهيكل:","Número de chasis:","Numero di telaio:"
"Chat active","Chat active","Chat aktiv","Chat actif","الدردشة نشطة","Chat activo","Chat attiva"
"Chat with Driver","Chat with Driver","Mit dem Fahrer chatten","Discussion avec le chauffeur","الدردشة مع السائق","Chat con el conductor","Chatta con l'autista"
"Chat with driver","Chat with driver","Mit dem Fahrer chatten","Discuter avec le chauffeur","الدردشة مع السائق","Chatear con el conductor","Chatta con l'autista"
"Checking chat availability…","Checking chat availability…","Chat-Verfügbarkeit wird geprüft…","Vérification de la disponibilité du chat…","جارٍ التحقق من توفر الدردشة…","Comprobando disponibilidad del chat…","Verifica disponibilità chat…"
"Checking chat…","Checking chat…","Chat wird geprüft…","Vérification de la conversation…","جارٍ التحقق من المحادثة…","Revisando el chat…","Verifica della chat…"
"Checking device payment support…","Checking device payment support…","Unterstützung für Zahlungen mit Scheckkarten prüfen…","Vérification de la compatibilité des appareils avec les paiements…","دعم الدفع عبر جهاز التحقق...","Comprobando la compatibilidad con pagos del dispositivo…","Verifica del supporto ai pagamenti sul dispositivo…"
"Choose Payment Method","Choose Payment Method","Zahlungsmethode auswählen","Choisissez votre mode de paiement","اختر طريقة الدفع","Seleccione el método de pago","Scegli metodo di pagamento"
"Choose Service","Choose Service","Service auswählen","Choisir le service","اختر الخدمة","Elegir servicio","Scegli il servizio"
"Choose a suggested address.","Choose a suggested address.","Wählen Sie eine vorgeschlagene Adresse.","Choisissez une adresse suggérée.","اختر عنوانًا مقترحًا.","Elija una dirección sugerida.","Scegli un indirizzo suggerito."
"Choose the app language before confirming the switch.","Choose the app language before confirming the switch.","Wählen Sie die App-Sprache, bevor Sie den Wechsel bestätigen.","Choisissez la langue de l’application avant de confirmer le changement.","اختر لغة التطبيق قبل تأكيد التغيير.","Elige el idioma de la aplicación antes de confirmar el cambio.","Scegli la lingua dell'app prima di confermare la modifica."
"Chosen method","Chosen method","Gewählte Methode","Méthode choisie","الطريقة المختارة","Método elegido","Metodo selezionato"
"Collected amount","Collected amount","Eingezogener Betrag","Montant collecté","المبلغ المحصل","Cantidad recaudada","Importo addebitato"
"Complete your card details to continue.","Complete your card details to continue.","Geben Sie Ihre Kartendaten ein, um fortzufahren.","Veuillez compléter les informations de votre carte pour continuer.","أكمل بيانات بطاقتك للمتابعة.","Introduce los datos de tu tarjeta para continuar.","Completa i dati della carta per continuare."
"Complete your profile","Complete your profile","Vervollständigen Sie Ihr Profil","Complétez votre profil","أكمل ملفك الشخصي","Completa tu perfil","Completa il tuo profilo"
"Completed","Completed","Abgeschlossen","Terminées","مكتمل","Completadas","Completati"
"Condition (optional)","Condition (optional)","Zustand (optional)","Condition (facultative)","الشرط (اختياري)","Condición (opcional)","Condizione (facoltativa)"
"Condition notes:","Condition notes:","Zustandshinweise:","Remarques sur l'état :","ملاحظات حول الحالة:","Notas sobre el estado:","Note sulle condizioni:"
"Condition:","Condition:","Zustand:","Condition:","حالة:","Condición:","Condizione:"
"Confirm","Confirm","Bestätigen","Confirmer","تأكيد","Confirmar","Conferma"
"Confirm Top-Up","Confirm Top-Up","Aufladung bestätigen","Confirmer le rechargement","تأكيد عملية الشحن","Confirmar recarga","Conferma ricarica"
"Confirm and Pay","Confirm and Pay","Bestätigen und bezahlen","Confirmer et payer","تأكيد الدفع","Confirmar y pagar","Conferma e paga"
"Confirm language change","Confirm language change","Sprachwechsel bestätigen","Confirmer le changement de langue","تأكيد تغيير اللغة","Confirmar cambio de idioma","Conferma cambio lingua"
"Confirming this driver charges","Confirming this driver charges","Bestätigung der Gebühren dieses Fahrers","Confirmation des frais de ce chauffeur","تأكيد رسوم هذا السائق","Confirmar estos cargos del conductor","Confermando questo autista verranno addebitati"
"Confirming this driver charges {{amount}} immediately.","Confirming this driver charges {{amount}} immediately.","Bestätigen, dass dieser Treiber {{amount}} sofort lädt.","Confirmation de ce chauffeur : facturation immédiate {{amount}}.","تأكيد رسوم السائق {{amount}} فوراً.","Confirmar que este conductor cobra {{amount}} inmediatamente.","Confermando questo autista verranno addebitati immediatamente {{amount}}."
"Continue","Continue","Weiter","Continuer","متابعة","Continuar","Continua"
"Continue as {{phone}}","Continue as {{phone}}","Weiter als {{phone}}","Continuer en tant que {{phone}}","المتابعة باسم {{phone}}","Continuar como {{phone}}","Continua come {{phone}}"
"Continue only if you want to pay now and lock this offer for the selected driver.","Continue only if you want to pay now and lock this offer for the selected driver.","Fahren Sie nur fort, wenn Sie jetzt bezahlen und dieses Angebot für den ausgewählten Fahrer sichern möchten.","Continuez uniquement si vous souhaitez payer maintenant et bloquer cette offre pour le chauffeur sélectionné.","تابع فقط إذا كنت ترغب في الدفع الآن وتثبيت هذا العرض للسائق المحدد.","Continúa solo si quieres pagar ahora y asegurar esta oferta para el conductor seleccionado.","Continua solo se desideri pagare ora e confermare definitivamente questa offerta con l'autista selezionato."
"Continue to Pickup Location","Continue to Pickup Location","Weiter zum Abholort","Continuer vers le lieu de retrait","انتقل إلى موقع الاستلام","Continuar al punto de recogida","Continua al luogo di ritiro"
"Continue to Vehicle Condition","Continue to Vehicle Condition","Weiter zum Fahrzeugzustand","Poursuivre avec l'état du véhicule","انتقل إلى حالة المركبة","Continuar con la condición del vehículo","Continua alle condizioni del veicolo"
"Continue to pickup location","Continue to pickup location","Weiter zum Abholort","Continuez jusqu'au lieu de retrait","تابع إلى موقع الاستلام","Continuar hasta el lugar de recogida","Continua al luogo di ritiro"
"Continue with your phone number","Continue with your phone number","Mit Ihrer Telefonnummer fortfahren","Continuer avec votre numéro de téléphone","تابع باستخدام رقم هاتفك","Continuar con tu número de teléfono","Continua con il tuo numero di telefono"
"Convertible","Convertible","Cabriolet","Convertible","سيارة مكشوفة","Convertible","Cabriolet"
"Could not send reset link. Please try again.","Could not send reset link. Please try again.","Der Link zum Zurücksetzen konnte nicht gesendet werden. Bitte versuchen Sie es erneut.","Impossible d'envoyer le lien de réinitialisation. Veuillez réessayer.","تعذر إرسال رابط إعادة التعيين. حاول مرة أخرى.","No se pudo enviar el enlace de restablecimiento. Inténtalo de nuevo.","Impossibile inviare il link di reimpostazione. Riprova."
"Couldn't load services","Couldn't load services","Services konnten nicht geladen werden","Impossible de charger les services","تعذر تحميل الخدمات","No se pudieron cargar los servicios","Impossibile caricare i servizi"
"Country","Country","Land","Pays","الدولة","País","Paese"
"Coupe","Coupe","Coupe","Coupe","كوبيه","Coupé","Coupé"
"Create Account","Create Account","Konto erstellen","Créer un compte","إنشاء حساب","Crear cuenta","Crea account"
"Create a new request to start transporting.","Create a new request to start transporting.","Erstellen Sie eine neue Anfrage, um mit dem Transport zu beginnen.","Créez une nouvelle demande pour commencer le transport.","أنشئ طلبًا جديدًا لبدء النقل.","Crea una nueva solicitud para comenzar el transporte.","Crea una nuova richiesta per iniziare il trasporto."
"Create an account","Create an account","Konto erstellen","Créer un compte","أنشئ حساباً","Crear una cuenta","Crea un account"
"Credit Card","Credit Card","Kreditkarte","Carte de crédit","بطاقة إئتمان","Tarjeta de crédito","Carta di credito"
"Credit card","Credit card","Kreditkarte","Carte de crédit","بطاقة إئتمان","Tarjeta de crédito","Carta di credito"
"Crossover","Crossover","Crossover","Crossover","كروس أوفر","Crossover","Crossover"
"Cruiser","Cruiser","Kreuzer","Croiseur","كروزر","Crucero","Cruiser"
"Current","Current","Aktuell","Actuel","حاضِر","Actual","Attuale"
"Current distance","Current distance","Aktuelle Entfernung","Distance actuelle","المسافة الحالية","Distancia actual","Distanza attuale"
"Current language","Current language","Aktuelle Sprache","Langue actuelle","اللغة الحالية","Idioma actual","Lingua attuale"
"Current location","Current location","Aktueller Standort","Localisation actuelle","الموقع الحالي","Ubicación actual","Posizione attuale"
"Customer","Customer","Kunde","Client","العميل","Cliente","Cliente"
"Customer Tracking","Customer Tracking","Kunden-Tracking","Suivi client","تتبع العميل","Seguimiento del cliente","Tracciamento cliente"
"Damaged","Damaged","Beschädigt","Endommagé","تالف","Dañado","Danneggiato"
"Date & Item Details","Date & Item Details","Datum und Artikeldetails","Date et détails de l'article","التاريخ وتفاصيل العنصر","Fecha y detalles del artículo","Data e dettagli dell'articolo"
"Date & Time","Date & Time","Datum und Uhrzeit","Date et heure","التاريخ والوقت","Fecha y hora","Data e ora"
"Date pending","Date pending","Datum steht noch aus","Date en attente","التاريخ قيد التحديد","Fecha pendiente","Data da definire"
"Date, Item Details & Photos","Date, Item Details & Photos","Datum, Artikeldetails & Fotos","Date, détails de l'article et photos","التاريخ، تفاصيل المنتج والصور","Fecha, detalles del artículo y fotos","Data, dettagli dell'articolo e foto"
"Debit Card","Debit Card","Debitkarte","Carte de débit","بطاقة الخصم","Tarjeta de débito","Carta di debito"
"Debit card","Debit card","Debitkarte","Carte de débit","بطاقة الخصم","Tarjeta de débito","Carta di debito"
"Decode VIN","Decode VIN","Dekodieren Sie VIN","Décodez VIN","فك تشفير VIN","Decodificar VIN","Decodifica VIN"
"Decoded VIN details","Decoded VIN details","Details zur Dekodierung von VIN","Détails décodés de VIN","تفاصيل فك تشفير VIN","Detalles decodificados de VIN","Dettagli VIN decodificati"
"Dedicated carrier:","Dedicated carrier:","Dedizierter Carrier:","Transporteur dédié :","شركة نقل مخصصة:","Operador dedicado:","Trasportatore dedicato:"
"Default payment method failed: {{value0}}","Default payment method failed: {{value0}}","Standardzahlungsmethode fehlgeschlagen: {{value0}}","Échec du mode de paiement par défaut : {{value0}}","فشلت طريقة الدفع الافتراضية: {{value0}}","El método de pago predeterminado falló: {{value0}}","Errore nel metodo di pagamento predefinito: {{value0}}"
"Delete Request","Delete Request","Anfrage stornieren","Demande de suppression","طلب الحذف","Solicitud de eliminación","Elimina richiesta"
"Delete account","Delete account","Konto löschen","Supprimer le compte","حذف الحساب","Eliminar cuenta","Elimina account"
"Delete account?","Delete account?","Konto löschen?","Supprimer le compte ?","حذف الحساب؟","¿Eliminar cuenta?","Eliminare l'account?"
"Delete request?","Delete request?","Anfrage stornieren?","Demande de suppression ?","هل تريد حذف الطلب؟","¿Solicitud de eliminación?","Eliminare la richiesta?"
"Deleting account...","Deleting account...","Konto wird gelöscht...","Suppression du compte...","جارٍ حذف الحساب...","Eliminando cuenta...","Eliminazione account..."
"Delivered","Delivered","Geliefert","Livré","تم التسليم","Entregado","Consegnato"
"Delivered at","Delivered at","Zugestellt am","Livré à","تم التسليم في","Entregado en","Consegnato alle"
"Delivery Proof Photos","Delivery Proof Photos","Liefernachweisfotos","Photos de preuve de livraison","صور إثبات التسليم","Fotos de comprobante de entrega","Foto della prova di consegna"
"Delivery Tracking","Delivery Tracking","Lieferverfolgung","Suivi de livraison","تتبع التسليم","Seguimiento de entrega","Tracciamento della consegna"
"Delivery approaching","Delivery approaching","Lieferung rückt näher","Livraison imminente","موعد التسليم يقترب","Próxima entrega","Consegna in arrivo"
"Delivery completed","Delivery completed","Lieferung abgeschlossen","Livraison effectuée","تم إتمام عملية التسليم","Entrega completada","Consegna completata"
"Delivery in progress","Delivery in progress","Lieferung läuft","Livraison en cours","عملية التسليم جارية","Entrega en curso","Consegna in corso"
"Delivery map","Delivery map","Lieferkarte","Carte de livraison","خريطة التوصيل","Mapa de entrega","Mappa della consegna"
"Delivery notes","Delivery notes","Lieferscheine","Notes de livraison","ملاحظات التسليم","Albaranes","Note sulla consegna"
"Delivery proof","Delivery proof","Liefernachweis","Preuve de livraison","إثبات التسليم","Comprobante de entrega","Prova di consegna"
"Delivery proof photos will appear after final delivery.","Delivery proof photos will appear after final delivery.","Die Liefernachweisfotos werden nach der endgültigen Zustellung angezeigt.","Les photos de preuve de livraison apparaîtront après la livraison finale.","ستظهر صور إثبات التسليم بعد التسليم النهائي.","Las fotos que acrediten la entrega aparecerán después de la entrega final.","Le foto della prova di consegna appariranno dopo la consegna finale."
"Delivery proof photos will appear here when available.","Delivery proof photos will appear here when available.","Liefernachweisfotos werden hier angezeigt, sobald sie verfügbar sind.","Les photos de preuve de livraison apparaîtront ici lorsqu'elles seront disponibles.","ستظهر صور إثبات التسليم هنا عند توفرها.","Las fotos que comprueben la entrega aparecerán aquí cuando estén disponibles.","Le foto della prova di consegna appariranno qui quando disponibili."
"Delivery tracking map is available on iOS and Android only.","Delivery tracking map is available on iOS and Android only.","Die Sendungsverfolgungskarte ist nur für iOS und Android verfügbar.","La carte de suivi de livraison est disponible uniquement pour les numéros iOS et Android.","تتوفر خريطة تتبع الشحنات على iOS و Android فقط.","El mapa de seguimiento de entregas solo está disponible para iOS y Android.","La mappa di tracciamento della consegna è disponibile solo su iOS e Android."
"Describe the shipment","Describe the shipment","Beschreiben Sie die Sendung","Décrivez l'expédition","صف الشحنة","Describa el envío","Descrivi la spedizione"
"Description:","Description:","Beschreibung:","Description:","وصف:","Descripción:","Descrizione:"
"Destination","Destination","Ziel","Destination","وجهة","Destino","Destinazione"
"Details were saved, but photo upload failed. Please retry.","Details were saved, but photo upload failed. Please retry.","Die Daten wurden gespeichert, aber der Foto-Upload ist fehlgeschlagen. Bitte versuchen Sie es erneut.","Les informations ont été enregistrées, mais le chargement de la photo a échoué. Veuillez réessayer.","تم حفظ البيانات، لكن فشل تحميل الصورة. يرجى المحاولة مرة أخرى.","Se guardaron los datos, pero falló la carga de la foto. Inténtalo de nuevo.","I dettagli sono stati salvati, ma il caricamento delle foto non è riuscito. Riprova."
"Development build required. Native wallets do not work in Expo Go.","Development build required. Native wallets do not work in Expo Go.","Entwicklungsversion erforderlich. Native Wallets funktionieren nicht in Expo Go.","Version de développement requise. Les portefeuilles natifs ne fonctionnent pas dans Expo Go.","يلزم إصدار نسخة تجريبية. المحافظ الأصلية لا تعمل في Expo Go.","Se requiere una versión de desarrollo. Las carteras nativas no funcionan en Expo Go.","È necessaria una build di sviluppo. I portafogli nativi non funzionano in Expo Go."
"Didn't receive the code?","Didn't receive the code?","Keinen Code erhalten?","Vous n’avez pas reçu le code ?","لم يصلك الرمز؟","¿No recibiste el código?","Non hai ricevuto il codice?"
"Dimensions","Dimensions","Abmessungen","Dimensions du colis","الأبعاد","Dimensiones","Dimensioni"
"Dimensions: {{length}} x {{width}} x {{height}} cm","Dimensions: {{length}} x {{width}} x {{height}} cm","Abmessungen: {{length}} x {{width}} x {{height}} cm","Dimensions : {{length}} x {{width}} x {{height}} cm","الأبعاد: {{length}} × {{width}} × {{height}} سم","Dimensiones: {{length}} x {{width}} x {{height}} cm","Dimensioni: {{length}} × {{width}} × {{height}} cm"
"Distance from pickup:","Distance from pickup:","Entfernung vom Abholort:","Distance du point de prise en charge :","المسافة من نقطة الالتقاء:","Distancia desde el punto de recogida:","Distanza dal ritiro:"
"Distance to dropoff","Distance to dropoff","Entfernung bis zum Abgrund","Distance jusqu'au point de dépose","المسافة إلى نقطة التوصيل","Distancia hasta el punto de entrega","Distanza dalla destinazione"
"Docs","Docs","Dokumente","Documents","المستندات","Documentos","Documentazione"
"Done","Done","Fertig","Terminé","تم","Listo","Fatto"
"Driver","Driver","Fahrer","Chauffeur","سائق","Conductor","Autista"
"Driver Found","Driver Found","Fahrer gefunden","Conducteur trouvé","تم العثور على السائق","Conductor encontrado","Autista trovato"
"Driver Offers","Driver Offers","Fahrerangebote","Offres pour les chauffeurs","عروض السائق","Ofertas para conductores","Offerte degli autisti"
"Driver is near the delivery location","Driver is near the delivery location","Der Fahrer befindet sich in der Nähe des Lieferorts.","Le chauffeur se trouve à proximité du lieu de livraison.","السائق قريب من موقع التسليم","El conductor está cerca del lugar de entrega.","L'autista è vicino al luogo di consegna"
"Driver on the way","Driver on the way","Fahrer unterwegs","Chauffeur en route","السائق في الطريق","Conductor en camino","Autista in arrivo"
"Driver pending","Driver pending","Fahrer ausstehend","Chauffeur en attente","السائق قيد الانتظار","Conductor pendiente","Autista in attesa"
"Driver tracking map","Driver tracking map","Fahrerverfolgungskarte","carte de suivi des conducteurs","خريطة تتبع السائق","Mapa de seguimiento del conductor","Mappa di tracciamento dell'autista"
"Drivers can still suggest the final helper count after reviewing the photos.","Drivers can still suggest the final helper count after reviewing the photos.","Die Fahrer können die endgültige Anzahl der Helfer auch nach Durchsicht der Fotos noch vorschlagen.","Les conducteurs peuvent encore suggérer le nombre final de personnes prêtes à intervenir après avoir examiné les photos.","لا يزال بإمكان السائقين اقتراح العدد النهائي للمساعدين بعد مراجعة الصور.","Los conductores aún pueden sugerir el número final de ayudantes después de revisar las fotos.","Gli autisti potranno comunque suggerire il numero finale di aiutanti dopo aver esaminato le foto."
"Drivers will review your request and send offers soon.","Drivers will review your request and send offers soon.","Die Fahrer werden Ihre Anfrage prüfen und Ihnen in Kürze Angebote zukommen lassen.","Les chauffeurs examineront votre demande et vous enverront bientôt des offres.","سيقوم السائقون بمراجعة طلبك وإرسال العروض قريباً.","Los conductores revisarán su solicitud y le enviarán ofertas en breve.","Gli autisti esamineranno la tua richiesta e invieranno presto le loro offerte."
"Drivers will review your request and send offers.","Drivers will review your request and send offers.","Die Fahrer werden Ihre Anfrage prüfen und Ihnen Angebote zusenden.","Les chauffeurs examineront votre demande et vous enverront des offres.","سيقوم السائقون بمراجعة طلبك وإرسال العروض.","Los conductores revisarán su solicitud y le enviarán ofertas.","Gli autisti esamineranno la richiesta e invieranno le loro offerte."
"Dropoff","Dropoff","Lieferung","Livraison","التسليم","Entrega","Consegna"
"Dropoff Location","Dropoff Location","Lieferort","Lieu de livraison","موقع التسليم","Ubicación de entrega","Luogo di consegna"
"Dropoff address","Dropoff address","Abgabeadresse","Adresse de dépôt","عنوان التسليم","Dirección de entrega","Indirizzo di consegna"
"Dropoff location","Dropoff location","Abgabeort","Lieu de dépôt","موقع التسليم","Lugar de entrega","Luogo di consegna"
"Dropoff location is missing. Please edit dropoff location.","Dropoff location is missing. Please edit dropoff location.","Der Abgabeort fehlt. Bitte bearbeiten Sie den Abgabeort.","Le lieu de dépôt est manquant. Veuillez le modifier.","موقع التسليم غير موجود. يرجى تعديل موقع التسليم.","Falta la ubicación de entrega. Por favor, edite la ubicación de entrega.","Il luogo di consegna è mancante. Modifica il luogo di consegna."
"Dropoff location is missing. Redirecting to dropoff step...","Dropoff location is missing. Redirecting to dropoff step...","Der Abgabeort fehlt. Weiterleitung zum Abgabeschritt…","Le lieu de dépôt est introuvable. Redirection vers l'étape de dépôt...","موقع التسليم غير موجود. جارٍ إعادة التوجيه إلى خطوة التسليم...","No se encuentra el punto de entrega. Redireccionando al paso de entrega...","Il luogo di consegna è mancante. Reindirizzamento alla fase di consegna..."
"Dropoff not set","Dropoff not set","Lieferung nicht festgelegt","Livraison non définie","لم يتم تحديد التسليم","Entrega no establecida","Consegna non impostata"
"ETA","ETA","ETA","ETA","وقت الوصول المتوقع","ETA","Tempo stimato di arrivo"
"EXPO_PUBLIC_API_URL is missing. Please set it in your environment.","EXPO_PUBLIC_API_URL is missing. Please set it in your environment.","EXPO_PUBLIC_API_URL fehlt. Bitte fügen Sie es Ihrer Umgebung hinzu.","EXPO_PUBLIC_API_URL est manquant. Veuillez le configurer dans votre environnement.","الملف EXPO_PUBLIC_API_URL مفقود. يرجى ضبطه في بيئتك.","Falta EXPO_PUBLIC_API_URL. Por favor, configúrelo en su entorno.","EXPO_PUBLIC_API_URL è mancante. Impostalo nel tuo ambiente."
"Edit","Edit","Bearbeiten","Modifier","تعديل","Editar","Modifica"
"Edit Profile","Edit Profile","Profil bearbeiten","Modifier le profil","تعديل الملف الشخصي","Editar perfil","Modifica profilo"
"Electric motorcycle","Electric motorcycle","Elektromotorrad","moto électrique","دراجة نارية كهربائية","motocicleta eléctrica","Moto elettrica"
"Email","Email","E-Mail","E-mail","البريد الإلكتروني","Correo electrónico","Email"
"Email and password are required.","Email and password are required.","E-Mail und Passwort sind erforderlich.","L'e-mail et le mot de passe sont requis.","البريد الإلكتروني وكلمة المرور مطلوبان.","Se requieren correo electrónico y contraseña.","Email e password sono obbligatorie."
"Email is required.","Email is required.","E-Mail ist erforderlich.","L'e-mail est requis.","البريد الإلكتروني مطلوب.","El correo electrónico es obligatorio.","L'email è obbligatoria."
"English","English","Englisch","Anglais","إنجليزي","Inglés","Inglese"
"Enter 17-character VIN","Enter 17-character VIN","Geben Sie die 17-stellige Zeichenfolge VIN ein.","Saisissez le code VIN à 17 caractères","أدخل الرمز المكون من 17 حرفًا VIN","Ingrese VIN de 17 caracteres.","Inserisci il VIN di 17 caratteri"
"Enter a valid amount to continue.","Enter a valid amount to continue.","Geben Sie einen gültigen Betrag ein, um fortzufahren.","Veuillez saisir un montant valide pour continuer.","أدخل مبلغًا صحيحًا للمتابعة.","Introduzca una cantidad válida para continuar.","Inserisci un importo valido per continuare."
"Enter a valid phone number.","Enter a valid phone number.","Geben Sie eine gültige Telefonnummer ein.","Saisissez un numéro de téléphone valide.","أدخل رقم هاتف صالحاً.","Introduce un número de teléfono válido.","Inserisci un numero di telefono valido."
"Enter item count","Enter item count","Anzahl der Artikel eingeben","Saisissez le nombre d'articles","أدخل عدد العناصر","Introduzca la cantidad de artículos","Inserisci il numero di articoli"
"Enter pieces","Enter pieces","Teile eingeben","Entrez les pièces","أدخل القطع","Introduzca piezas","Inserisci numero di pezzi"
"Enter the six-digit code sent by SMS to {{phone}}","Enter the six-digit code sent by SMS to {{phone}}","Geben Sie den sechsstelligen Code ein, der per SMS an {{phone}} gesendet wurde","Saisissez le code à six chiffres envoyé par SMS à {{phone}}","أدخل الرمز المكون من ستة أرقام الذي أرسله SMS إلى {{phone}}","Introduce el código de seis dígitos enviado por SMS a {{phone}}","Inserisci il codice a sei cifre inviato via SMS a {{phone}}"
"Enter verification code","Enter verification code","Bestätigungscode eingeben","Saisir le code de vérification","أدخل رمز التحقق","Introduce el código de verificación","Inserisci il codice di verifica"
"Enter weight","Enter weight","Gewicht eingeben","Entrez le poids","أدخل الوزن","Introduzca el peso","Inserisci peso"
"Enter your account email and we will send the reset instructions.","Enter your account email and we will send the reset instructions.","Geben Sie Ihre E-Mail-Adresse ein, und wir senden Ihnen die Anweisungen zum Zurücksetzen des Kontos.","Saisissez l'adresse e-mail de votre compte et nous vous enverrons les instructions de réinitialisation.","أدخل بريدك الإلكتروني المسجل في حسابك وسنرسل لك تعليمات إعادة التعيين.","Introduce el correo electrónico de tu cuenta y te enviaremos las instrucciones para restablecerla.","Inserisci l'email del tuo account e ti invieremo le istruzioni per la reimpostazione."
"Enter your email to receive a password reset link.","Enter your email to receive a password reset link.","Geben Sie Ihre E-Mail-Adresse ein, um einen Link zum Zurücksetzen zu erhalten.","Saisissez votre e-mail pour recevoir un lien de réinitialisation.","أدخل بريدك الإلكتروني لتصلك وصلة إعادة تعيين كلمة المرور.","Ingresa tu correo para recibir un enlace de restablecimiento.","Inserisci la tua email per ricevere un link di reimpostazione della password."
"Enter your full name.","Enter your full name.","Geben Sie Ihren vollständigen Namen ein.","Saisissez votre nom complet.","أدخل اسمك الكامل.","Introduce tu nombre completo.","Inserisci il tuo nome completo."
"Equipment:","Equipment:","Ausrüstung:","Équipement:","معدات:","Equipo:","Attrezzatura:"
"Estimated Weight (kg)","Estimated Weight (kg)","Geschätztes Gewicht (kg)","Poids estimé (kg)","الوزن التقريبي (كجم)","Peso estimado (kg)","Peso stimato (kg)"
"Estimated delivery:","Estimated delivery:","Voraussichtliche Lieferung:","Livraison estimée :","موعد التسليم المتوقع:","Plazo de entrega estimado:","Consegna stimata:"
"Estimated pickup","Estimated pickup","Geschätzte Abholung","Enlèvement estimé","الاستلام المتوقع","Recogida estimada","Ritiro stimato"
"Estimated vehicle weight in kg","Estimated vehicle weight in kg","Geschätztes Fahrzeuggewicht in kg","Poids estimé du véhicule en kg","الوزن التقديري للمركبة بالكيلوغرام","Peso estimado del vehículo en kg","Peso stimato del veicolo in kg"
"Estimated weight:","Estimated weight:","Geschätztes Gewicht:","Poids estimé :","الوزن التقريبي:","Peso estimado:","Peso stimato:"
"Examples: electronics, clothing, food items, furniture","Examples: electronics, clothing, food items, furniture","Beispiele: Elektronik, Kleidung, Lebensmittel, Möbel","Exemples : appareils électroniques, vêtements, produits alimentaires, meubles","أمثلة: الإلكترونيات، الملابس، المواد الغذائية، الأثاث","Ejemplos: aparatos electrónicos, ropa, alimentos, muebles","Esempi: elettronica, abbigliamento, prodotti alimentari, mobili"
"Examples: sofas, refrigerator, bed, cabinets","Examples: sofas, refrigerator, bed, cabinets","Beispiele: Sofas, Kühlschrank, Bett, Schränke","Exemples : canapés, réfrigérateur, lit, armoires","أمثلة: الأرائك، الثلاجة، السرير، الخزائن","Ejemplos: sofás, refrigerador, cama, armarios","Esempi: divani, frigorifero, letto, armadi"
"Explore","Explore","Entdecken","Explorer","استكشاف","Explorar","Esplora"
"Expo Go on Android does not support remote push notifications. Install a development build or release build of the customer app.","Expo Go on Android does not support remote push notifications. Install a development build or release build of the customer app.","Expo Go auf Android unterstützt keine Remote-Push-Benachrichtigungen. Installieren Sie eine Entwicklungs- oder Release-Version der Kunden-App.","Expo Go sur Android ne prend pas en charge les notifications push à distance. Installez une version de développement ou une version finale de l'application client.","لا يدعم تطبيق Expo Go on Android الإشعارات الفورية عن بُعد. قم بتثبيت نسخة التطوير أو نسخة الإصدار من تطبيق العميل.","Expo Go en Android no admite notificaciones push remotas. Instale una versión de desarrollo o una versión de lanzamiento de la aplicación del cliente.","Expo Go su Android non supporta le notifiche push remote. Installa una build di sviluppo o una build di rilascio dell'app cliente."
"Expo Starter","Expo Starter","Expo-Starter","Démarreur Expo","Expo بادئ التشغيل","Arrancador Expo","Expo Starter"
"Expo documentation","Expo documentation","Expo-Dokumentation","Documentation Expo","توثيق Expo","Documentación de la Expo","Documentazione Expo"
"Expo push projectId is missing. Add expo.extra.eas.projectId to the customer app config or run the app from an EAS/dev build that provides Constants.easConfig.projectId.","Expo push projectId is missing. Add expo.extra.eas.projectId to the customer app config or run the app from an EAS/dev build that provides Constants.easConfig.projectId.","Expo push projectId fehlt. Fügen Sie expo.extra.eas.projectId zur Kunden-App-Konfiguration hinzu oder führen Sie die App mit einem EAS/dev-Build aus, der Constants.easConfig.projectId bereitstellt.","La commande Expo push projectId est manquante. Ajoutez expo.extra.eas.projectId à la configuration de l'application cliente ou exécutez l'application à partir d'une version EAS/dev qui fournit Constants.easConfig.projectId.","ملف Expo push projectId مفقود. أضف expo.extra.eas.projectId إلى إعدادات تطبيق العميل أو شغّل التطبيق من إصدار EAS/dev الذي يوفر Constants.easConfig.projectId.","Falta Expo push projectId. Agregue expo.extra.eas.projectId a la configuración de la aplicación del cliente o ejecute la aplicación desde una compilación EAS/dev que proporcione Constants.easConfig.projectId.","Il projectId per Expo Push è mancante. Aggiungi expo.extra.eas.projectId alla configurazione dell'app cliente oppure esegui l'app da una build EAS/dev che fornisca Constants.easConfig.projectId."
"Extra Details","Extra Details","Weitere Details","Détails supplémentaires","تفاصيل إضافية","Detalles adicionales","Dettagli aggiuntivi"
"Extra details for the driver (optional)","Extra details for the driver (optional)","Zusätzliche Details für den Fahrer (optional)","Informations complémentaires pour le conducteur (facultatif)","تفاصيل إضافية للسائق (اختياري)","Información adicional para el conductor (opcional)","Dettagli aggiuntivi per l'autista (facoltativi)"
"Failed to add money to wallet.","Failed to add money to wallet.","Das Hinzufügen von Geld zum Wallet ist fehlgeschlagen.","Impossible d'ajouter de l'argent au portefeuille.","فشلت عملية إضافة الأموال إلى المحفظة.","No se pudo agregar dinero a la billetera.","Aggiunta di fondi al portafoglio non riuscita."
"Failed to cancel this trip.","Failed to cancel this trip.","Die Stornierung dieser Reise ist fehlgeschlagen.","Je n'ai pas pu annuler ce voyage.","لم يتم إلغاء هذه الرحلة.","No pude cancelar este viaje.","Impossibile annullare questo trasporto."
"Failed to complete payment.","Failed to complete payment.","Zahlung konnte nicht abgeschlossen werden.","Paiement impossible.","فشل إتمام عملية الدفع.","No se pudo completar el pago.","Pagamento non riuscito."
"Failed to connect realtime chat.","Failed to connect realtime chat.","Verbindung zum Echtzeit-Chat fehlgeschlagen.","Échec de la connexion au chat en temps réel.","فشل الاتصال بالمحادثة الفورية.","No se pudo conectar con el chat en tiempo real.","Connessione alla chat in tempo reale non riuscita."
"Failed to connect realtime socket.","Failed to connect realtime socket.","Verbindung zum Echtzeit-Socket fehlgeschlagen.","Échec de la connexion au socket temps réel.","فشل الاتصال بمقبس الوقت الحقيقي.","No se pudo conectar el socket en tiempo real.","Connessione al socket in tempo reale non riuscita."
"Failed to create furniture transport request.","Failed to create furniture transport request.","Es ist fehlgeschlagen, einen Möbeltransportauftrag zu erstellen.","Échec de la création de la demande de transport de meubles.","فشل إنشاء طلب نقل الأثاث.","No se pudo crear la solicitud de transporte de muebles.","Creazione della richiesta di trasporto mobili non riuscita."
"Failed to delete request.","Failed to delete request.","Die Löschanfrage konnte nicht gelöscht werden.","Échec de la suppression de la requête.","فشل حذف الطلب.","No se pudo eliminar la solicitud.","Eliminazione della richiesta non riuscita."
"Failed to load chat conversation.","Failed to load chat conversation.","Chatverlauf konnte nicht geladen werden.","Impossible de charger la conversation.","فشل تحميل محادثة الدردشة.","No se pudo cargar la conversación de chat.","Impossibile caricare la conversazione."
"Failed to load chat room.","Failed to load chat room.","Chatroom konnte nicht geladen werden.","Échec du chargement de la salle de discussion.","فشل تحميل غرفة الدردشة.","No se pudo cargar la sala de chat.","Caricamento della chat non riuscito."
"Failed to load delivery details.","Failed to load delivery details.","Die Lieferdetails konnten nicht geladen werden.","Impossible de charger les détails de livraison.","فشل تحميل تفاصيل التسليم.","No se pudieron cargar los detalles de la entrega.","Caricamento dei dettagli della consegna non riuscito."
"Failed to load request status.","Failed to load request status.","Fehler beim Laden des Anfragestatus.","Échec du chargement de l'état de la requête.","فشل تحميل حالة الطلب.","No se pudo cargar el estado de la solicitud.","Caricamento dello stato della richiesta non riuscito."
"Failed to load trip rating details.","Failed to load trip rating details.","Die Details zur Reisebewertung konnten nicht geladen werden.","Impossible de charger les détails de l'évaluation du trajet.","فشل تحميل تفاصيل تقييم الرحلة.","No se pudieron cargar los detalles de la calificación del viaje.","Caricamento dei dettagli della valutazione del trasporto non riuscito."
"Failed to load vehicle brands.","Failed to load vehicle brands.","Fahrzeugmarken konnten nicht geladen werden.","Impossible de charger les marques de véhicules.","فشل تحميل ماركات المركبات.","No se pudieron cargar las marcas de vehículos.","Caricamento delle marche dei veicoli non riuscito."
"Failed to load vehicle models.","Failed to load vehicle models.","Fahrzeugmodelle konnten nicht geladen werden.","Impossible de charger les modèles de véhicules.","فشل تحميل نماذج المركبات.","No se pudieron cargar los modelos de vehículos.","Caricamento dei modelli dei veicoli non riuscito."
"Failed to load vehicle series.","Failed to load vehicle series.","Fahrzeugserie konnte nicht geladen werden.","Échec du chargement de la série de véhicules.","فشل تحميل سلسلة المركبات.","No se pudo cargar la serie de vehículos.","Caricamento delle serie dei veicoli non riuscito."
"Failed to load vehicle years.","Failed to load vehicle years.","Fahrzeugjahre konnten nicht geladen werden.","Échec du chargement des années du véhicule.","فشل تحميل سنوات المركبة.","No se pudieron cargar los años del vehículo.","Caricamento degli anni dei veicoli non riuscito."
"Failed to load wallet.","Failed to load wallet.","Wallet konnte nicht geladen werden.","Échec du chargement du portefeuille.","فشل تحميل المحفظة.","No se pudo cargar la billetera.","Caricamento del portafoglio non riuscito."
"Failed to parse cancel trip payment response. Server returned: {{value0}}","Failed to parse cancel trip payment response. Server returned: {{value0}}","Fehler beim Parsen der Antwort zur Stornierungszahlung. Serverantwort: {{value0}}","Échec de l'analyse de la réponse d'annulation de paiement du voyage. Le serveur a renvoyé : {{value0}}","فشل تحليل ردّ إلغاء دفع الرحلة. أعاد الخادم الرمز: {{value0}}","No se pudo analizar la respuesta de pago de cancelación de viaje. El servidor devolvió: {{value0}}","Impossibile elaborare la risposta relativa all'annullamento del pagamento del trasporto. Il server ha restituito: {{value0}}"
"Failed to register customer push notifications.","Failed to register customer push notifications.","Fehler beim Registrieren von Kunden-Push-Benachrichtigungen.","Échec de l'enregistrement des notifications push client.","فشل تسجيل إشعارات الدفع للعملاء.","No se pudieron registrar las notificaciones push para los clientes.","Registrazione delle notifiche push del cliente non riuscita."
"Failed to register push notifications.","Failed to register push notifications.","Push-Benachrichtigungen konnten nicht registriert werden.","Échec de l'activation des notifications push.","فشل تسجيل الإشعارات الفورية.","No se pudieron registrar las notificaciones push.","Registrazione delle notifiche push non riuscita."
"Failed to save date and item details.","Failed to save date and item details.","Datum und Artikeldetails konnten nicht gespeichert werden.","Impossible d'enregistrer la date et les détails de l'article.","فشل حفظ التاريخ وتفاصيل العنصر.","No se pudieron guardar la fecha y los detalles del artículo.","Salvataggio della data e dei dettagli dell'articolo non riuscito."
"Failed to save dropoff location.","Failed to save dropoff location.","Der Ablageort konnte nicht gespeichert werden.","Impossible d'enregistrer le lieu de dépôt.","فشل حفظ موقع التسليم.","No se pudo guardar la ubicación de entrega.","Salvataggio del luogo di consegna non riuscito."
"Failed to save pickup location.","Failed to save pickup location.","Abholort konnte nicht gespeichert werden.","Impossible d'enregistrer le lieu de prise en charge.","فشل حفظ موقع الاستلام.","No se pudo guardar la ubicación de recogida.","Salvataggio del luogo di ritiro non riuscito."
"Failed to send your message.","Failed to send your message.","Ihre Nachricht konnte nicht gesendet werden.","L'envoi de votre message a échoué.","فشل إرسال رسالتك.","No se pudo enviar su mensaje.","Impossibile inviare il messaggio."
"Failed to submit driver rating.","Failed to submit driver rating.","Fahrerbewertung konnte nicht eingereicht werden.","Échec de la soumission de l'évaluation du conducteur.","فشل في إرسال تقييم السائق.","No se pudo enviar la calificación del conductor.","Invio della valutazione dell'autista non riuscito."
"Failed to submit request.","Failed to submit request.","Anfrage konnte nicht übermittelt werden.","Échec de l'envoi de la requête.","فشل إرسال الطلب.","No se pudo enviar la solicitud.","Invio della richiesta non riuscito."
"Failed to upload request photos.","Failed to upload request photos.","Das Hochladen der angeforderten Fotos ist fehlgeschlagen.","Échec du chargement des photos demandées.","فشل تحميل الصور المطلوبة.","No se pudieron subir las fotos solicitadas.","Caricamento delle foto della richiesta non riuscito."
"Feedback","Feedback","Rückmeldung","Retour","تعليق","Comentario","Feedback"
"Field 18, for example 671.912.676","Field 18, for example 671.912.676","Feld 18, zum Beispiel 671.912.676","Champ 18, par exemple 671.912.676","الحقل 18، مثال 671.912.676","Campo 18, por ejemplo 671.912.676","Campo 18, ad esempio 671.912.676"
"File-based routing","File-based routing","Dateibasiertes Routing","Routage basé sur des fichiers","التوجيه القائم على الملف","Enrutamiento basado en archivos","Routing basato sui file"
"Final Review","Final Review","Abschließende Bewertung","Révision finale","المراجعة النهائية","Revisión final","Revisione finale"
"Final delivery is confirmed. You can now rate the driver.","Final delivery is confirmed. You can now rate the driver.","Die Zustellung ist abgeschlossen. Sie können den Fahrer jetzt bewerten.","La livraison est confirmée. Vous pouvez maintenant évaluer le chauffeur.","تم تأكيد التسليم النهائي. يمكنك الآن تقييم السائق.","Se confirma la entrega final. Ahora puede calificar al conductor.","La consegna finale è stata confermata. Ora puoi valutare l'autista."
"Final delivery is confirmed. You can rate the driver from here if you skipped the prompt.","Final delivery is confirmed. You can rate the driver from here if you skipped the prompt.","Die Zustellung ist bestätigt. Falls Sie die entsprechende Aufforderung übersprungen haben, können Sie den Fahrer hier bewerten.","La livraison est confirmée. Vous pouvez évaluer le chauffeur ici si vous avez ignoré l'invite.","تم تأكيد التسليم النهائي. يمكنك تقييم السائق من هنا إذا تخطيت هذه الخطوة.","Se confirma la entrega final. Si omitió la solicitud, puede calificar al conductor desde aquí.","La consegna finale è stata confermata. Puoi valutare l'autista da qui se hai saltato la richiesta precedente."
"Find this 9-digit number in field 18 of the Swiss registration document.","Find this 9-digit number in field 18 of the Swiss registration document.","Diese 9-stellige Nummer finden Sie in Feld 18 des Schweizer Fahrzeugausweises.","Ce numéro à 9 chiffres se trouve au champ 18 du permis de circulation suisse.","ستجد هذا الرقم المكون من 9 أرقام في الحقل 18 من وثيقة تسجيل المركبة السويسرية.","Este número de 9 dígitos se encuentra en el campo 18 del permiso de circulación suizo.","Questo numero di 9 cifre si trova nel campo 18 della licenza di circolazione svizzera."
"For static images, you can use the","For static images, you can use the","Für statische Bilder können Sie die verwenden","Pour les images statiques, vous pouvez utiliser le","بالنسبة للصور الثابتة، يمكنك استخدام","Para imágenes estáticas, puede utilizar el","Per le immagini statiche puoi utilizzare i"
"Fragile","Fragile","Zerbrechlich","Fragile","قابل للكسر","Frágil","Fragile"
"Fragile goods","Fragile goods","Zerbrechliche Güter","Marchandises fragiles","بضائع قابلة للكسر","Artículos frágiles","Merce fragile"
"Fragile:","Fragile:","Zerbrechlich:","Fragile:","قابل للكسر:","Frágil:","Fragile:"
"French","French","Französisch","Français","فرنسي","Francés","Francese"
"Full name","Full name","Vollständiger Name","Nom complet","الاسم الكامل","Nombre completo","Nome completo"
"Funds are added to your app wallet after Stripe confirms the payment.","Funds are added to your app wallet after Stripe confirms the payment.","Das Guthaben wird Ihrem App-Wallet gutgeschrieben, nachdem Stripe die Zahlung bestätigt hat.","Les fonds sont ajoutés à votre portefeuille d'application une fois que Stripe a confirmé le paiement.","تُضاف الأموال إلى محفظة التطبيق الخاصة بك بعد أن يؤكد Stripe عملية الدفع.","Los fondos se añadirán a tu monedero de la aplicación una vez que Stripe confirme el pago.","I fondi vengono aggiunti al portafoglio dell'app dopo la conferma del pagamento da parte di Stripe."
"Furniture","Furniture","Möbel","Meubles","أثاث","Muebles","Mobili"
"Furniture Description","Furniture Description","Möbelbeschreibung","Description du mobilier","وصف الأثاث","Descripción de los muebles","Descrizione dei mobili"
"Furniture Details","Furniture Details","Möbeldetails","Détails du mobilier","تفاصيل الأثاث","Detalles del mobiliario","Dettagli dei mobili"
"Furniture Information","Furniture Information","Möbelinformationen","Informations sur le mobilier","معلومات عن الأثاث","Información sobre muebles","Informazioni sui mobili"
"Furniture Photos","Furniture Photos","Möbelfotos","Photos de meubles","صور أثاث","Fotos de muebles","Foto dei mobili"
"Furniture details are missing. Please go back and complete them first.","Furniture details are missing. Please go back and complete them first.","Die Angaben zu den Möbeln fehlen. Bitte vervollständigen Sie diese zuerst.","Il manque des informations sur le mobilier. Veuillez les compléter.","تفاصيل الأثاث غير مكتملة. يرجى العودة وإكمالها أولاً.","Faltan detalles sobre los muebles. Por favor, vuelva atrás y complételos primero.","Mancano i dettagli dei mobili. Torna indietro e completali."
"Furniture transport","Furniture transport","Möbeltransport","Transport de mobilier","نقل الأثاث","Transporte de muebles","Trasporto mobili"
"GPS accuracy: about {{accuracy}}m","GPS accuracy: about {{accuracy}}m","Genauigkeit von GPS: etwa {{accuracy}}m","Précision de GPS : environ {{accuracy}}m","دقة GPS: حوالي {{accuracy}}m","Precisión de GPS: acerca de {{accuracy}}m","Precisione GPS: circa {{accuracy}} m"
"GPS: {{gps}} • Network: {{network}} • Services: {{services}}","GPS: {{gps}} • Network: {{network}} • Services: {{services}}","GPS: {{gps}} • Netzwerk: {{network}} • Dienste: {{services}}","GPS : {{gps}} • Réseau : {{network}} • Services : {{services}}","GPS: {{gps}} • الشبكة: {{network}} • الخدمات: {{services}}","GPS: {{gps}} • Red: {{network}} • Servicios: {{services}}","GPS: {{gps}} • Rete: {{network}} • Servizi: {{services}}"
"German","German","Deutsch","Allemand","الألمانية","Alemán","Tedesco"
"Get quotes from drivers in minutes","Get quotes from drivers in minutes","Erhalten Sie innerhalb weniger Minuten Angebote von Fahrern","Recevez des devis de chauffeurs en quelques minutes","احصل على عروض أسعار من السائقين خلال دقائق","Recibe presupuestos de conductores en minutos","Ricevi preventivi dagli autisti in pochi minuti"
"Getting your location...","Getting your location...","Ihren Standort ermitteln...","Obtenir votre position...","جارٍ تحديد موقعك...","Obtener tu ubicación...","Rilevamento della posizione..."
"Go Back","Go Back","Geh zurück","Retour","عُد","Volver","Indietro"
"Good afternoon!","Good afternoon!","Guten Tag!","Bon après-midi !","مساء الخير!","¡Buenas tardes!","Buon pomeriggio!"
"Good evening!","Good evening!","Guten Abend!","Bonsoir !","مساء الخير!","¡Buenas noches!","Buonasera!"
"Good morning!","Good morning!","Guten Morgen!","Bonjour !","صباح الخير!","¡Buenos días!","Buongiorno!"
"Goods","Goods","Waren","Marchandises","بضائع","Mercancías","Merci"
"Goods Description","Goods Description","Warenbeschreibung","Description du produit","وصف السلعة","Descripción de los productos","Descrizione della merce"
"Goods Details","Goods Details","Warendetails","Détails des marchandises","تفاصيل البضائع","Detalles de la carga","Dettagli della merce"
"Goods Information","Goods Information","Wareninformationen","Informations sur les produits","معلومات السلع","Información sobre los productos","Informazioni sulla merce"
"Goods details are missing. Please go back and complete them first.","Goods details are missing. Please go back and complete them first.","Die Artikeldetails fehlen. Bitte vervollständigen Sie diese zuerst.","Les informations relatives aux produits sont manquantes. Veuillez les compléter.","تفاصيل البضائع غير مكتملة. يرجى العودة وإكمالها أولاً.","Faltan los detalles de los productos. Por favor, vuelva atrás y complételos primero.","Mancano i dettagli della merce. Torna indietro e completali."
"Goods transport","Goods transport","Warentransport","Transport de marchandises","نقل البضائع","Transporte de mercancías","Trasporto merci"
"Google Maps API key is missing.","Google Maps API key is missing.","Der Google Maps-API-Schlüssel fehlt.","La clé API Google Maps est manquante.","مفتاح Google Maps API مفقود.","Falta la clave API de Google Maps.","La chiave API di Google Maps è mancante."
"Google Pay","Google Pay","Google Pay","Google Pay","Google Pay","Google Pay","Google Pay"
"Google Pay is currently unavailable on this device.","Google Pay is currently unavailable on this device.","Google Pay ist auf diesem Gerät derzeit nicht verfügbar.","Google Pay n'est actuellement pas disponible sur cet appareil.","Google Pay غير متوفر حاليًا على هذا الجهاز.","Google Pay no está disponible actualmente en este dispositivo.","Google Pay non è attualmente disponibile su questo dispositivo."
"Google Pay is only available on Android.","Google Pay is only available on Android.","Google Pay ist nur auf Android verfügbar.","Google Pay est uniquement disponible sur Android.","Google Pay متوفر فقط على Android.","Google Pay solo está disponible en Android.","Google Pay è disponibile solo su Android."
"Google Pay on Android does not use an Apple merchant identifier.","Google Pay on Android does not use an Apple merchant identifier.","Google Pay auf Android verwendet keine Apple-Händlerkennung.","Google Pay sur Android n'utilise pas d'identifiant marchand Apple.","لا يستخدم Google Pay على Android معرف تاجر Apple.","Google Pay en Android no utiliza un identificador de comerciante de Apple.","Google Pay su Android non utilizza un identificatore commerciante Apple."
"Hatchback","Hatchback","Schrägheck","Hayon","هاتشباك","Hatchback","Hatchback"
"Heavy shipment:","Heavy shipment:","Schwere Sendung:","Envoi lourd :","شحنة ثقيلة:","Envío pesado:","Spedizione pesante:"
"Height (cm)","Height (cm)","Höhe (cm)","Hauteur (cm)","الطول (سم)","Altura (cm)","Altezza (cm)"
"Height cm","Height cm","Höhe cm","Hauteur cm","الارتفاع بالسنتيمتر","Altura cm","Altezza (cm)"
"Hello, {{name}}","Hello, {{name}}","Hallo, {{name}}","Bonjour, {{name}}","مرحباً، {{name}}","Hola, {{name}}","Ciao, {{name}}"
"Helpers & Loading","Helpers & Loading","Helfer & Verladung","Aides et chargement","المساعدون والتحميل","Ayudantes y carga","Aiutanti e carico"
"History Requests","History Requests","Anfrageverlauf","Historique des demandes","سجل الطلبات","Historial de solicitudes","Cronologia richieste"
"Home","Home","Start","Accueil","الرئيسية","Inicio","Home"
"Home, office and bulky items.","Home, office and bulky items.","Haushaltsgegenstände, Büroartikel und sperrige Gegenstände.","Articles ménagers, de bureau et objets encombrants.","الأغراض المنزلية والمكتبية والضخمة.","Artículos para el hogar, la oficina y artículos voluminosos.","Oggetti domestici, da ufficio e ingombranti."
"House Moving","House Moving","Haushaltsumzug","Déménagement","نقل المنازل","Mudanzas","Trasloco"
"I agree to the","I agree to the","","","","","Accetto i"
"I can help with loading","I can help with loading","Ich kann beim Beladen helfen.","Je peux vous aider à charger.","يمكنني المساعدة في التحميل","Puedo ayudar con la carga","Posso aiutare con il carico"
"I need helper","I need helper","Ich brauche Hilfe.","J'ai besoin d'aide","أحتاج إلى مساعدة","Necesito ayuda","Ho bisogno di aiuto"
"ID {{value0}}","ID {{value0}}","ID {{value0}}","ID {{value0}}","ID {{value0}}","ID {{value0}}","ID {{value0}}"
"If this email exists, a reset link has been sent.","If this email exists, a reset link has been sent.","Falls diese E-Mail existiert, wurde ein Link zum Zurücksetzen gesendet.","Si cet e-mail existe, un lien de réinitialisation a été envoyé.","إذا كان هذا البريد موجوداً، فقد تم إرسال رابط إعادة التعيين.","Si este correo existe, se ha enviado un enlace de restablecimiento.","Se questa email esiste, è stato inviato un link di reimpostazione."
"If you can see this, routing works.","If you can see this, routing works.","Wenn Sie dies sehen können, funktioniert das Routing.","Si vous pouvez voir ceci, le routage fonctionne.","إذا كان بإمكانك رؤية هذا، فإن التوجيه يعمل.","Si puedes ver esto, el enrutamiento funciona.","Se riesci a vedere questo messaggio, il routing funziona."
"Images","Images","Bilder","Images","الصور","Imágenes","Immagini"
"Immediate payment capture","Immediate payment capture","Sofortige Zahlungserfassung","Capture de paiement immédiate","تحصيل المدفوعات الفورية","Captura de pago inmediata","Addebito immediato del pagamento"
"Immediate pickup","Immediate pickup","Sofortige Abholung","Enlèvement immédiat","استلام فوري","Recogida inmediata","Ritiro immediato"
"Important","Important","Wichtig","Important","مهم","Importante","Importante"
"In Transit","In Transit","Unterwegs","En transit","في مرحلة انتقالية","En tránsito","In transito"
"Invalid delivery tracking parameters.","Invalid delivery tracking parameters.","Ungültige Parameter für die Sendungsverfolgung.","Paramètres de suivi de livraison invalides.","معلمات تتبع التسليم غير صالحة.","Parámetros de seguimiento de entrega no válidos.","Parametri di tracciamento della consegna non validi."
"Invalid delivery tracking route parameters.","Invalid delivery tracking route parameters.","Ungültige Parameter für die Sendungsverfolgung.","Paramètres d'itinéraire de suivi de livraison invalides.","معلمات مسار تتبع التسليم غير صالحة.","Parámetros de ruta de seguimiento de entrega no válidos.","Parametri del percorso di tracciamento della consegna non validi."
"Invalid refresh response","Invalid refresh response","Ungültige Aktualisierungsantwort","Réponse d'actualisation invalide","استجابة تحديث غير صالحة","Respuesta de actualización no válida","Risposta di aggiornamento non valida"
"Invalid schedule","Invalid schedule","Ungültiger Zeitplan","Programme invalide","جدول غير صالح","Horario no válido","Programmazione non valida"
"Invalid server response. Please try again.","Invalid server response. Please try again.","Ungültige Serverantwort. Bitte versuchen Sie es erneut.","Réponse serveur invalide. Veuillez réessayer.","استجابة الخادم غير صالحة. حاول مرة أخرى.","Respuesta del servidor no válida. Inténtalo de nuevo.","Risposta del server non valida. Riprova."
"Invalid tracking parameters.","Invalid tracking parameters.","Ungültige Tracking-Parameter.","Paramètres de suivi invalides.","معلمات التتبع غير صالحة.","Parámetros de seguimiento no válidos.","Parametri di tracciamento non validi."
"Invalid tracking parameters. Please reopen tracking from request status.","Invalid tracking parameters. Please reopen tracking from request status.","Ungültige Tracking-Parameter. Bitte öffnen Sie das Tracking erneut, nachdem Sie den Anfragestatus aufgerufen haben.","Paramètres de suivi invalides. Veuillez relancer le suivi à partir de l'état de la demande.","معلمات التتبع غير صالحة. يرجى إعادة فتح التتبع من حالة الطلب.","Parámetros de seguimiento no válidos. Vuelva a abrir el seguimiento desde el estado de la solicitud.","Parametri di tracciamento non validi. Riapri il tracciamento dallo stato della richiesta."
"Invalid trip id.","Invalid trip id.","Ungültige Reise-ID.","Identifiant de voyage invalide.","معرف الرحلة غير صالح.","ID de viaje no válido.","ID del trasporto non valido."
"Invalid trip locations.","Invalid trip locations.","Ungültige Reiseorte.","Lieux de voyage invalides.","مواقع الرحلات غير صالحة.","Ubicaciones de viaje no válidas.","Posizioni del trasporto non valide."
"Invalid trusted session","Invalid trusted session","Ungültige vertrauenswürdige Sitzung","Session de confiance invalide","جلسة موثوقة غير صالحة","Sesión de confianza no válida","Sessione attendibile non valida"
"Invalid waiting-for-pickup route parameters.","Invalid waiting-for-pickup route parameters.","Ungültige Routenparameter für die Warteliste zur Abholung.","Paramètres d'itinéraire d'attente de prise en charge non valides.","معلمات مسار انتظار الاستلام غير صالحة.","Parámetros de ruta de espera de recogida no válidos.","Parametri del percorso di attesa del ritiro non validi."
"Invoice:","Invoice:","Rechnung:","Facture:","فاتورة:","Factura:","Fattura:"
"Item","Item","Artikel","Article","البند","Artículo","Articolo"
"Item Details","Item Details","Artikeldetails","Détails de l'article","تفاصيل العنصر","Detalles del artículo","Dettagli dell'articolo"
"Item description (optional)","Item description (optional)","Artikelbeschreibung (optional)","Description de l'article (facultatif)","وصف المنتج (اختياري)","Descripción del artículo (opcional)","Descrizione dell'articolo (facoltativa)"
"Item type","Item type","Artikeltyp","Type d'article","نوع العنصر","Tipo de artículo","Tipo di articolo"
"Join Transpo24 to start making requests","Join Transpo24 to start making requests","Treten Sie Transpo24 bei, um Anfragen zu starten","Rejoignez Transpo24 pour commencer vos demandes","انضم إلى ترانسبو24 لبدء إنشاء الطلبات","Únete a Transpo24 para empezar a crear solicitudes","Unisciti a Transpo24 per iniziare a creare richieste"
"Keep trip","Keep trip","Weiter geht's","Continuez le voyage","استمر في الرحلة","Sigue el viaje","Mantieni il trasporto"
"L","L","L","L","ل","L","L"
"Language","Language","Sprache","Langue","اللغة","Idioma","Lingua"
"Language updated","Language updated","Sprache aktualisiert","Langue mise à jour","تم تحديث اللغة","Idioma actualizado","Lingua aggiornata"
"Lat {{value0}}, Lng {{value1}}","Lat {{value0}}, Lng {{value1}}","Lat {{value0}}, Lng {{value1}}","Latitude {{value0}}, Longitude {{value1}}","خط العرض {{value0}}، خط الطول {{value1}}","Latitud {{value0}}, Longitud {{value1}}","Lat {{value0}}, Long {{value1}}"
"Lat: {{latitude}} | Lng: {{longitude}}","Lat: {{latitude}} | Lng: {{longitude}}","Lat: {{latitude}} | Lng: {{longitude}}","Latitude : {{latitude}} | Longitude : {{longitude}}","خط العرض: {{latitude}} | خط الطول: {{longitude}}","Latitud: {{latitude}} | Longitud: {{longitude}}","Lat: {{latitude}} | Long: {{longitude}}"
"Lat: {{value0}}  |  Lng: {{value1}}","Lat: {{value0}}  |  Lng: {{value1}}","Lat: {{value0}} | Lng: {{value1}}","Latitude : {{value0}} | Longitude : {{value1}}","خط العرض: {{value0}} | خط الطول: {{value1}}","Latitud: {{value0}} | Longitud: {{value1}}","Lat: {{value0}} | Long: {{value1}}"
"Latest driver update:","Latest driver update:","Neuestes Treiberupdate:","Dernière mise à jour des pilotes :","آخر تحديث لبرنامج التشغيل:","Última actualización del controlador:","Ultimo aggiornamento dell'autista:"
"Latest driver update: {{latitude}}, {{longitude}} • {{time}}","Latest driver update: {{latitude}}, {{longitude}} • {{time}}","Neuestes Treiberupdate: {{latitude}}, {{longitude}} • {{time}}","Dernière mise à jour des pilotes : {{latitude}}, {{longitude}} • {{time}}","آخر تحديث لبرامج التشغيل: {{latitude}}، {{longitude}} • {{time}}","Última actualización de controladores: {{latitude}}, {{longitude}} • {{time}}","Ultimo aggiornamento dell'autista: {{latitude}}, {{longitude}} • {{time}}"
"Learn more","Learn more","Erfahren Sie mehr","En savoir plus","تعلم المزيد","Más información","Scopri di più"
"Length (cm)","Length (cm)","Länge (cm)","Longueur (cm)","الطول (سم)","Longitud (cm)","Lunghezza (cm)"
"Length cm","Length cm","Länge cm","Longueur cm","الطول بالسنتيمتر","Longitud cm","Lunghezza (cm)"
"Let drivers know if you can assist with carrying or loading items.","Let drivers know if you can assist with carrying or loading items.","Informieren Sie die Fahrer, wenn Sie beim Tragen oder Verladen von Gegenständen helfen können.","Veuillez informer les chauffeurs si vous pouvez les aider à transporter ou à charger des objets.","أخبر السائقين إذا كان بإمكانك المساعدة في حمل أو تحميل الأغراض.","Avise a los conductores si puede ayudarles a transportar o cargar los artículos.","Comunica agli autisti se puoi aiutare a trasportare o caricare gli articoli."
"Light and dark mode components","Light and dark mode components","Komponenten im Hell- und Dunkelmodus","Composants des modes clair et sombre","مكونات الوضع الفاتح والداكن","Componentes del modo claro y oscuro","Componenti per modalità chiara e scura"
"Listening for pickup confirmation...","Listening for pickup confirmation...","Warte auf Abholbestätigung...","En attente de confirmation de prise en charge...","أنتظر تأكيد الاستلام...","Escuchando la confirmación de recogida...","In attesa della conferma del ritiro..."
"Live Map","Live Map","Live-Karte","Carte en direct","خريطة مباشرة","Mapa en vivo","Mappa in tempo reale"
"Live delivery active","Live delivery active","Live-Übertragung aktiv","Livraison en direct active","خدمة التوصيل المباشر متاحة","Entrega en vivo activa","Consegna in tempo reale attiva"
"Live driver tracking becomes available after a driver is assigned and location updates start.","Live driver tracking becomes available after a driver is assigned and location updates start.","Die Live-Fahrerverfolgung ist verfügbar, sobald ein Fahrer zugewiesen wurde und die Standortaktualisierungen beginnen.","Le suivi en temps réel des conducteurs devient disponible une fois qu'un conducteur est affecté et que les mises à jour de localisation commencent.","يصبح تتبع السائق المباشر متاحًا بعد تعيين السائق وبدء تحديثات الموقع.","El seguimiento en tiempo real del conductor estará disponible una vez que se le asigne un conductor y comiencen las actualizaciones de ubicación.","Il tracciamento in tempo reale dell'autista diventa disponibile dopo l'assegnazione di un autista e l'inizio degli aggiornamenti sulla posizione."
"Live map","Live map","Live-Karte","Carte en direct","خريطة مباشرة","Mapa en directo","Mappa in tempo reale"
"Live route","Live route","Live-Route","Itinéraire en direct","مسار مباشر","Ruta en directo","Percorso in tempo reale"
"Live tracking active","Live tracking active","Live-Tracking aktiv","Suivi en direct actif","التتبع المباشر مُفعّل","Seguimiento en directo activo","Tracciamento in tempo reale attivo"
"Loading Workers Count","Loading Workers Count","Anzahl der Ladearbeiter","Chargement du nombre de travailleurs","عدد عمال التحميل","Cargando recuento de trabajadores","Numero di addetti al carico"
"Loading delivery proof...","Loading delivery proof...","Liefernachweis wird geladen...","Chargement de la preuve de livraison...","جارٍ تحميل إثبات التسليم...","Cargando comprobante de entrega...","Caricamento della prova di consegna..."
"Loading help:","Loading help:","Ladehilfe:","Aide au chargement :","جارٍ تحميل المساعدة:","Cargando ayuda:","Assistenza al carico:"
"Loading home...","Loading home...","Startseite wird geladen...","Chargement de l'accueil...","جارٍ تحميل الصفحة الرئيسية...","Cargando inicio...","Caricamento della home..."
"Loading messages…","Loading messages…","Nachrichten werden geladen…","Chargement des messages…","جارٍ تحميل الرسائل…","Cargando mensajes…","Caricamento messaggi…"
"Loading request status…","Loading request status…","Ladevorgangsstatus…","État de la requête en cours de chargement…","جارٍ تحميل حالة الطلب…","Estado de la solicitud de carga…","Caricamento stato della richiesta…"
"Loading requests...","Loading requests...","Anfragen werden geladen...","Chargement des demandes...","جارٍ تحميل الطلبات...","Cargando solicitudes...","Caricamento richieste..."
"Loading services...","Loading services...","Services werden geladen...","Chargement des services...","جارٍ تحميل الخدمات...","Cargando servicios...","Caricamento servizi..."
"Loading trip rating details...","Loading trip rating details...","Details zur Reisebewertung werden geladen...","Chargement des détails de l'évaluation du trajet...","جارٍ تحميل تفاصيل تقييم الرحلة...","Cargando detalles de la calificación del viaje...","Caricamento dei dettagli della valutazione..."
"Loading workers count","Loading workers count","Anzahl der Ladearbeiter","Chargement du nombre de travailleurs","عدد عمال التحميل","Cargando recuento de trabajadores","Numero di addetti al carico"
"Local","Local","Lokal","Locale","محلي","Local","Locale"
"Login","Login","Anmelden","Connexion","تسجيل الدخول","Iniciar sesión","Accedi"
"Logout","Logout","Abmelden","Se déconnecter","تسجيل الخروج","Cerrar sesión","Esci"
"M","M","M","M","م","METRO","M"
"Make:","Make:","Machen:","Faire:","يصنع:","Hacer:","Marca:"
"Manual Motorcycle Selection","Manual Motorcycle Selection","Manuelle Motorradauswahl","Sélection manuelle de moto","اختيار الدراجة النارية يدويًا","Selección manual de motocicletas","Selezione manuale della moto"
"Manual Vehicle Selection","Manual Vehicle Selection","Manuelle Fahrzeugauswahl","Sélection manuelle du véhicule","اختيار المركبة يدويًا","Selección manual de vehículos","Selezione manuale del veicolo"
"Manufacture Year","Manufacture Year","Herstellungsjahr","Année de fabrication","سنة الصنع","Año de fabricación","Anno di produzione"
"Map configuration missing","Map configuration missing","Kartenkonfiguration fehlt","Configuration de la carte manquante","إعدادات الخريطة مفقودة","Falta la configuración del mapa.","Configurazione della mappa mancante"
"Map preview is available on iOS and Android with Google Maps configured.","Map preview is available on iOS and Android with Google Maps configured.","Eine Kartenvorschau ist auf iOS und Android verfügbar, wenn Google Maps konfiguriert ist.","L'aperçu de la carte est disponible sur iOS et Android avec Google Maps configuré.","تتوفر معاينة الخريطة على iOS و Android مع تهيئة Google Maps.","La vista previa del mapa está disponible en iOS y Android con Google Maps configurado.","L'anteprima della mappa è disponibile su iOS e Android quando Google Maps è configurato."
"Map preview is not available on web.","Map preview is not available on web.","Die Kartenvorschau ist im Web nicht verfügbar.","L'aperçu de la carte n'est pas disponible sur le Web.","معاينة الخريطة غير متاحة على الويب.","La vista previa del mapa no está disponible en la web.","L'anteprima della mappa non è disponibile sul Web."
"Mark items that require careful handling.","Mark items that require careful handling.","Kennzeichnen Sie Gegenstände, die eine sorgfältige Handhabung erfordern.","Marquez les objets nécessitant une manipulation soigneuse.","ضع علامة على العناصر التي تتطلب عناية خاصة.","Marque los artículos que requieran un manejo cuidadoso.","Indica gli articoli che richiedono una movimentazione particolarmente attenta."
"Media library permission is needed to select photos.","Media library permission is needed to select photos.","Für die Auswahl von Fotos ist die Berechtigung zur Medienbibliothek erforderlich.","L'autorisation de la médiathèque est nécessaire pour sélectionner les photos.","يلزم الحصول على إذن من مكتبة الوسائط لاختيار الصور.","Se necesita permiso de la biblioteca multimedia para seleccionar fotos.","È necessario il permesso di accesso alla libreria multimediale per selezionare le foto."
"Message:","Message:","Nachricht:","Message:","رسالة:","Mensaje:","Messaggio:"
"Minivan","Minivan","Minivan","Minivan","سيارة ميني فان","Minivan","Monovolume"
"Missing Stripe client secret from the backend.","Missing Stripe client secret from the backend.","Fehlendes Client-Geheimnis Stripe vom Backend.","Clé secrète client Stripe manquante côté serveur.","تم فقدان سر العميل Stripe من الواجهة الخلفية.","Falta la clave secreta del cliente Stripe en el servidor.","Client secret di Stripe mancante nel backend."
"Missing auth token. Please login again.","Missing auth token. Please login again.","Fehlendes Authentifizierungstoken. Bitte melden Sie sich erneut an.","Jeton d'authentification manquant. Veuillez vous reconnecter.","رمز المصادقة مفقود. يرجى تسجيل الدخول مرة أخرى.","Falta el token de autenticación. Inicie sesión de nuevo.","Token di autenticazione mancante. Accedi nuovamente."
"Missing chat room context.","Missing chat room context.","Fehlender Chatraumkontext.","Contexte de la salle de discussion manquant.","سياق غرفة الدردشة مفقود.","Falta el contexto de la sala de chat.","Contesto della chat mancante."
"Missing item type","Missing item type","Fehlender Elementtyp","Type d'élément manquant","نوع العنصر المفقود","Tipo de artículo faltante","Tipo di articolo mancante"
"Missing location","Missing location","Fehlender Standort","Lieu de disparition","الموقع المفقود","Ubicación desaparecida","Posizione mancante"
"Missing payment context. Please go back and choose the driver again.","Missing payment context. Please go back and choose the driver again.","Zahlungskontext fehlt. Bitte gehen Sie zurück und wählen Sie den Fahrer erneut aus.","Contexte de paiement manquant. Veuillez revenir en arrière et sélectionner à nouveau le chauffeur.","معلومات الدفع مفقودة. يرجى العودة واختيار السائق مرة أخرى.","Falta información sobre el pago. Por favor, vuelva atrás y seleccione al conductor de nuevo.","Contesto di pagamento mancante. Torna indietro e seleziona nuovamente l'autista."
"Missing payment context. Please go back and choose the offer again.","Missing payment context. Please go back and choose the offer again.","Zahlungskontext fehlt. Bitte gehen Sie zurück und wählen Sie das Angebot erneut aus.","Contexte de paiement manquant. Veuillez revenir en arrière et sélectionner à nouveau l'offre.","معلومات الدفع مفقودة. يرجى العودة واختيار العرض مرة أخرى.","Falta información sobre el pago. Por favor, vuelva atrás y seleccione la oferta de nuevo.","Contesto di pagamento mancante. Torna indietro e seleziona nuovamente l'offerta."
"Missing payment information.","Missing payment information.","Fehlende Zahlungsinformationen.","Informations de paiement manquantes.","معلومات الدفع مفقودة.","Falta información de pago.","Informazioni di pagamento mancanti."
"Missing request id. Please go back and submit your request again.","Missing request id. Please go back and submit your request again.","Die Anfrage-ID fehlt. Bitte gehen Sie zurück und senden Sie Ihre Anfrage erneut ab.","Identifiant de la requête manquant. Veuillez retourner en arrière et soumettre à nouveau votre requête.","رقم الطلب مفقود. يرجى العودة وإعادة إرسال طلبك.","Falta el ID de la solicitud. Por favor, vuelva atrás y envíe su solicitud de nuevo.","ID della richiesta mancante. Torna indietro e invia nuovamente la richiesta."
"Missing request. Please go back and select pickup location again.","Missing request. Please go back and select pickup location again.","Anfrage fehlt. Bitte gehen Sie zurück und wählen Sie den Abholort erneut aus.","Demande manquante. Veuillez revenir en arrière et sélectionner à nouveau le lieu de retrait.","طلب مفقود. يرجى العودة وتحديد موقع الاستلام مرة أخرى.","Solicitud no solicitada. Por favor, vuelva atrás y seleccione de nuevo el lugar de recogida.","Richiesta mancante. Torna indietro e seleziona nuovamente il luogo di ritiro."
"Missing schedule","Missing schedule","Fehlender Zeitplan","Horaire manquant","جدول مفقود","Falta de horario","Programmazione mancante"
"Missing selected service. Please go back and choose a service again.","Missing selected service. Please go back and choose a service again.","Der ausgewählte Service fehlt. Bitte gehen Sie zurück und wählen Sie erneut einen Service aus.","Service sélectionné introuvable. Veuillez revenir en arrière et choisir un service à nouveau.","الخدمة المختارة غير موجودة. يرجى العودة واختيار خدمة أخرى.","Falta el servicio seleccionado. Por favor, vuelva atrás y seleccione un servicio de nuevo.","Servizio selezionato mancante. Torna indietro e scegli nuovamente un servizio."
"Missing selected service. Please go back and choose a service first.","Missing selected service. Please go back and choose a service first.","Der ausgewählte Service fehlt. Bitte gehen Sie zurück und wählen Sie zuerst einen Service aus.","Service sélectionné introuvable. Veuillez revenir en arrière et choisir un service.","الخدمة المختارة غير موجودة. يرجى العودة واختيار خدمة أولاً.","Falta el servicio seleccionado. Por favor, vuelva atrás y seleccione un servicio primero.","Servizio selezionato mancante. Torna indietro e scegli prima un servizio."
"Missing wheels","Missing wheels","Fehlende Räder","Roues manquantes","عجلات مفقودة","Faltan ruedas","Ruote mancanti"
"Mocked location detected","Mocked location detected","Gefälschter Standort erkannt","Emplacement fictif détecté","تم الكشف عن موقع وهمي","Se ha detectado una ubicación simulada.","Rilevata posizione simulata"
"Model (optional)","Model (optional)","Modell (optional)","Modèle (facultatif)","الموديل (اختياري)","Modelo (opcional)","Modello (facoltativo)"
"Model:","Model:","Modell:","Modèle:","نموذج:","Modelo:","Modello:"
"Motorcycle","Motorcycle","Motorrad","Moto","دراجة نارية","Motocicleta","Moto"
"Motorcycle & Bicycle","Motorcycle & Bicycle","Motorrad & Fahrrad","Moto & vélo","الدراجة النارية والدراجة الهوائية","Motocicleta y bicicleta","Moto e bicicletta"
"Motorcycle Condition","Motorcycle Condition","Motorradzustand","État de la moto","حالة الدراجة النارية","Estado de la motocicleta","Condizioni della moto"
"Motorcycle Details","Motorcycle Details","Motorraddetails","Détails de la moto","تفاصيل الدراجة النارية","Detalles de la motocicleta","Dettagli della moto"
"Motorcycle Type","Motorcycle Type","Motorradtyp","Type de moto","نوع الدراجة النارية","Tipo motocicleta","Tipo di moto"
"Motorcycle details are missing. Please go back and complete them first.","Motorcycle details are missing. Please go back and complete them first.","Die Angaben zum Motorrad fehlen. Bitte vervollständigen Sie diese zuerst.","Les informations concernant la moto sont manquantes. Veuillez les compléter.","بيانات الدراجة النارية غير مكتملة. يرجى العودة وإكمالها أولاً.","Faltan los datos de la motocicleta. Por favor, vuelva atrás y complételos primero.","Mancano i dettagli della moto. Torna indietro e completali."
"Motorcycle transport","Motorcycle transport","Motorradtransport","Transport de moto","نقل الدراجات النارية","Transporte de motocicletas","Trasporto moto"
"Moving date:","Moving date:","Umzugsdatum:","Date de déménagement :","تاريخ الانتقال:","Fecha de mudanza:","Data del trasloco:"
"Multiple smaller pieces","Multiple smaller pieces","Mehrere kleinere Stücke","Plusieurs petits morceaux","قطع صغيرة متعددة","Varias piezas más pequeñas","Più pezzi di piccole dimensioni"
"My Orders","My Orders","Meine Aufträge","Mes commandes","طلباتي","Mis pedidos","I miei ordini"
"My Requests","My Requests","Meine Anfragen","Mes demandes","طلباتي","Mis solicitudes","Le mie richieste"
"Name, email, and password are required.","Name, email, and password are required.","Name, E-Mail und Passwort sind erforderlich.","Le nom, l'e-mail et le mot de passe sont requis.","الاسم والبريد الإلكتروني وكلمة المرور مطلوبة.","Se requieren nombre, correo electrónico y contraseña.","Nome, email e password sono obbligatori."
"Near-delivery alert","Near-delivery alert","Benachrichtigung über bevorstehende Lieferung","Alerte de livraison imminente","تنبيه اقتراب موعد التسليم","Alerta de entrega próxima","Avviso di prossimità alla consegna"
"Needs crane","Needs crane","Kran erforderlich","Il faut une grue","يحتاج إلى رافعة","Necesita grúa","Necessita di gru"
"Needs helpers:","Needs helpers:","Benötigt Helfer:","Besoin d'aide :","يحتاج إلى مساعدين:","Necesita ayudantes:","Richiede aiutanti:"
"Needs jump-start","Needs jump-start","Braucht einen Anschub","Besoin d'un coup de pouce pour démarrer","يحتاج إلى شحن البطارية","Necesita arranque con pinzas","Necessita di avviamento con cavi"
"Needs winch","Needs winch","Benötigt eine Seilwinde","Nécessite un treuil","يحتاج إلى ونش","Necesita un cabrestante","Necessita di verricello"
"Network error. Please try again.","Network error. Please try again.","Netzwerkfehler. Bitte versuchen Sie es erneut.","Erreur réseau. Veuillez réessayer.","خطأ في الشبكة. حاول مرة أخرى.","Error de red. Inténtalo de nuevo.","Errore di rete. Riprova."
"New","New","Neu","Nouveau","جديد","Nuevo","Nuovo"
"New Request","New Request","Neue Anfrage","Nouvelle demande","طلب جديد","Nueva solicitud","Nuova richiesta"
"New Transport Request","New Transport Request","Neue Transportanfrage","Nouvelle demande de transport","طلب نقل جديد","Nueva solicitud de transporte","Nuova richiesta di trasporto"
"New customer?","New customer?","Neuer Kunde?","Nouveau client ?","عميل جديد؟","¿Cliente nuevo?","Nuovo cliente?"
"New request","New request","Neue Anfrage","Nouvelle demande","طلب جديد","Nueva solicitud","Nuova richiesta"
"Next step","Next step","Nächster Schritt","Étape suivante","الخطوة التالية","Siguiente paso","Passaggio successivo"
"No","No","Nein","Non","لا","No","No"
"No Photo","No Photo","Kein Foto","Pas de photo","لا توجد صورة","Sin foto","Nessuna foto"
"No active order","No active order","Kein aktiver Auftrag","Aucune commande active","لا يوجد طلب نشط","No hay ningún pedido activo","Nessun ordine attivo"
"No active orders","No active orders","Keine aktiven Aufträge","Aucune commande active","لا توجد طلبات نشطة","No hay pedidos activos","Nessun ordine attivo"
"No active requests right now.","No active requests right now.","Derzeit keine aktiven Anfragen.","Aucune demande active pour le moment.","لا توجد طلبات نشطة حالياً.","No hay solicitudes activas en este momento.","Al momento non ci sono richieste attive."
"No additional charges yet.","No additional charges yet.","Bisher keine zusätzlichen Kosten.","Aucun frais supplémentaire pour le moment.","لا توجد رسوم إضافية حتى الآن.","Aún no hay cargos adicionales.","Nessun costo aggiuntivo al momento."
"No cancelled orders","No cancelled orders","Keine stornierten Aufträge","Aucune commande annulée","لا توجد طلبات ملغاة","No hay pedidos cancelados","Nessun ordine annullato"
"No chat room is available for this transport request yet.","No chat room is available for this transport request yet.","Für diese Transportanfrage ist noch kein Chatraum verfügbar.","Aucun espace de discussion n'est encore disponible pour cette demande de transport.","لا توجد غرفة دردشة متاحة لطلب النقل هذا حتى الآن.","Aún no hay disponible una sala de chat para esta solicitud de transporte.","Non è ancora disponibile una chat per questa richiesta di trasporto."
"No completed orders","No completed orders","Keine abgeschlossenen Aufträge","Aucune commande terminée","لا توجد طلبات مكتملة","No hay pedidos completados","Nessun ordine completato"
"No email","No email","Keine E-Mail","Aucun e-mail","لا يوجد بريد إلكتروني","Sin correo electrónico","Nessuna email"
"No history requests yet.","No history requests yet.","Noch kein Anfrageverlauf vorhanden.","Aucun historique de demandes pour le moment.","لا يوجد سجل طلبات بعد.","Aún no hay historial de solicitudes.","Non ci sono ancora richieste nella cronologia."
"No matching places found.","No matching places found.","Keine passenden Orte gefunden.","Aucun lieu correspondant trouvé.","لم يتم العثور على أماكن مطابقة.","No se encontraron coincidencias.","Nessun luogo corrispondente trovato."
"No messages yet","No messages yet","Noch keine Nachrichten","Aucun message pour l'instant","لم يتم إرسال أي رسالة بعد","Aún no hay mensajes.","Nessun messaggio"
"No notifications yet.","No notifications yet.","Noch keine Benachrichtigungen.","Aucune notification pour le moment.","لا توجد إشعارات بعد.","Aún no hay notificaciones.","Nessuna notifica al momento."
"No phone number","No phone number","Keine Telefonnummer","Aucun numéro de téléphone","لا يوجد رقم هاتف","Sin número de teléfono","Nessun numero di telefono"
"No photos added","No photos added","Keine Fotos hinzugefügt","Aucune photo ajoutée","لم تتم إضافة أي صور","No se han añadido fotos","Nessuna foto aggiunta"
"No photos added.","No photos added.","Keine Fotos hinzugefügt.","Aucune photo ajoutée.","لم تتم إضافة صور.","No se han añadido fotos.","Nessuna foto aggiunta."
"No rating yet","No rating yet","Noch keine Bewertung","Aucune évaluation pour le moment","لم يتم التقييم بعد","Aún no hay calificación.","Nessuna valutazione"
"No requests yet. Start your first transport request.","No requests yet. Start your first transport request.","Noch keine Anfragen. Starten Sie Ihre erste Transportanfrage.","Aucune demande pour l'instant. Commencez votre première demande de transport.","لا توجد طلبات بعد. ابدأ أول طلب نقل لك.","Aún no hay solicitudes. Inicia tu primera solicitud de transporte.","Nessuna richiesta al momento. Crea la tua prima richiesta di trasporto."
"No results","No results","Keine Ergebnisse","Aucun résultat","لا توجد نتائج","No hay resultados","Nessun risultato"
"No saved card","No saved card","Keine gespeicherte Karte","Aucune carte enregistrée","لا توجد بطاقة محفوظة","No hay tarjeta guardada","Nessuna carta salvata"
"No services available","No services available","Keine Services verfügbar","Aucun service disponible","لا توجد خدمات متاحة","No hay servicios disponibles","Nessun servizio disponibile"
"No wallet activity yet. Add money to start using your app wallet.","No wallet activity yet. Add money to start using your app wallet.","Bisher keine Wallet-Aktivitäten. Laden Sie Guthaben auf, um Ihre App-Wallet zu nutzen.","Aucune activité sur votre portefeuille pour le moment. Ajoutez des fonds pour commencer à utiliser le portefeuille de votre application.","لم يتم إجراء أي نشاط على المحفظة حتى الآن. أضف رصيدًا لبدء استخدام محفظة التطبيق.","Aún no hay actividad en la billetera. Agrega dinero para comenzar a usar tu billetera virtual.","Nessuna attività nel portafoglio. Aggiungi fondi per iniziare a utilizzare il portafoglio dell'app."
"Not available on this device/build.","Not available on this device/build.","Auf diesem Gerät/in dieser Version nicht verfügbar.","Non disponible sur cet appareil/cette version.","غير متوفر على هذا الجهاز/الإصدار.","No disponible en este dispositivo/compilación.","Non disponibile su questo dispositivo/build."
"Not provided","Not provided","Nicht angegeben","Non fourni","غير متوفر","No se proporciona","Non fornito"
"Not specified","Not specified","Nicht angegeben","Non spécifié","غير محدد","No especificado","Non specificato"
"Not working","Not working","Funktioniert nicht","Ne fonctionne pas","لا يعمل","No funciona","Non funzionante"
"Notes:","Notes:","Anmerkungen:","Remarques :","ملحوظات:","Notas:","Note:"
"Notification permission was not granted.","Notification permission was not granted.","Die Benachrichtigungsberechtigung wurde nicht erteilt.","L'autorisation de notification n'a pas été accordée.","لم يتم منح إذن الإشعارات.","No se concedió el permiso para notificar.","Il permesso per le notifiche non è stato concesso."
"Notifications","Notifications","Benachrichtigungen","Notifications","الإشعارات","Notificaciones","Notifiche"
"Number of helpers","Number of helpers","Anzahl der Helfer","Nombre d'aides","عدد المساعدين","Número de ayudantes","Numero di aiutanti"
"Number of helpers:","Number of helpers:","Anzahl der Helfer:","Nombre d'assistants :","عدد المساعدين:","Número de ayudantes:","Numero di aiutanti:"
"Number of pieces must be at least 1.","Number of pieces must be at least 1.","Die Anzahl der Teile muss mindestens 1 betragen.","Le nombre de pièces doit être d'au moins 1.","يجب ألا يقل عدد القطع عن قطعة واحدة.","El número de piezas debe ser como mínimo 1.","Il numero di pezzi deve essere almeno 1."
"Number of pieces:","Number of pieces:","Anzahl der Teile:","Nombre de pièces :","عدد القطع:","Número de piezas:","Numero di pezzi:"
"Off","Off","Aus","Désactivé","عن","Apagado","Disattivato"
"On","On","An","Sur","على","En","Attivo"
"One heavy item","One heavy item","Ein schwerer Gegenstand","Un objet lourd","قطعة واحدة ثقيلة","Un artículo pesado","Un articolo pesante"
"Open delivery tracking","Open delivery tracking","Sendungsverfolgung öffnen","Ouvrir le suivi de livraison","تتبع التسليم المفتوح","Seguimiento de entrega abierta","Apri tracciamento della consegna"
"Open tracking screen","Open tracking screen","Tracking-Bildschirm öffnen","Ouvrir l'écran de suivi","شاشة التتبع المفتوحة","Abrir pantalla de seguimiento","Apri schermata di tracciamento"
"Opening next step…","Opening next step…","Eröffnung des nächsten Schritts…","Ouverture de la prochaine étape…","الخطوة التالية...","Siguiente paso...","Apertura del passaggio successivo…"
"Opening request flow...","Opening request flow...","Anfrageablauf wird geöffnet...","Ouverture du parcours de demande...","جارٍ فتح مسار الطلب...","Abriendo el flujo de solicitud...","Apertura della procedura di richiesta..."
"Optional Note","Optional Note","Optionaler Hinweis","Note facultative","ملاحظة اختيارية","Nota opcional","Nota facoltativa"
"Order #","Order #","Befehl #","Commande #","طلب #","Orden #","Ordine n."
"Order #{{reference}}","Order #{{reference}}","Bestellnummer #{{reference}}","Commande n° {{reference}}","رقم الطلب: {{reference}}","Número de pedido: {{reference}}","Ordine n. {{reference}}"
"Order cancelled","Order cancelled","Bestellung storniert","Commande annulée","تم إلغاء الطلب","Pedido cancelado","Ordine annullato"
"Orders","Orders","Bestellungen","Ordres","طلبات","Órdenes","Ordini"
"Orders in this section will appear here.","Orders in this section will appear here.","Aufträge in diesem Abschnitt werden hier angezeigt.","Les commandes de cette section apparaîtront ici.","ستظهر الطلبات في هذا القسم هنا.","Los pedidos de esta sección aparecerán aquí.","Gli ordini di questa sezione appariranno qui."
"Other","Other","Andere","Autre","أخرى","Otro","Altro"
"Overview","Overview","Überblick","Vue d'ensemble","نظرة عامة","Resumen","Panoramica"
"Parcels, cargo and business goods.","Parcels, cargo and business goods.","Pakete, Fracht und Geschäftsgüter.","Colis, marchandises et biens d'entreprise.","الطرود والبضائع التجارية.","Paquetería, carga y mercancías comerciales.","Pacchi, carichi e merci commerciali."
"Password","Password","Passwort","Mot de passe","كلمة المرور","Contraseña","Password"
"Password Reset","Password Reset","Passwort zurücksetzen","Réinitialisation du mot de passe","إعادة تعيين كلمة المرور","Restablecer contraseña","Reimpostazione password"
"Pay Now","Pay Now","Jetzt bezahlen","Payer maintenant","ادفع الآن","Paga ahora","Paga ora"
"Pay from Wallet","Pay from Wallet","Bezahlen Sie mit Ihrer Wallet","Payer depuis mon portefeuille électronique","ادفع من المحفظة","Pagar desde la cartera","Paga con il portafoglio"
"Pay now using your available in-app wallet balance.","Pay now using your available in-app wallet balance.","Bezahlen Sie jetzt mit Ihrem verfügbaren Guthaben in der App.","Payez maintenant en utilisant le solde disponible dans votre portefeuille intégré à l'application.","ادفع الآن باستخدام رصيد محفظتك المتاح داخل التطبيق.","Paga ahora utilizando el saldo disponible en tu monedero de la aplicación.","Paga ora utilizzando il saldo disponibile nel portafoglio dell'app."
"Pay now with Apple Pay in a development or production build.","Pay now with Apple Pay in a development or production build.","Jetzt mit Apple Pay in einer Entwicklungs- oder Produktionsversion bezahlen.","Payez dès maintenant avec Apple Pay dans une version de développement ou de production.","ادفع الآن باستخدام الرمز Apple Pay في إصدار تجريبي أو إصدار إنتاجي.","Paga ahora con Apple Pay en una versión de desarrollo o producción.","Paga ora con Apple Pay in una build di sviluppo o di produzione."
"Pay now with Google Pay in a development or production build.","Pay now with Google Pay in a development or production build.","Jetzt mit Google Pay in einer Entwicklungs- oder Produktionsversion bezahlen.","Payez dès maintenant avec Google Pay dans une version de développement ou de production.","ادفع الآن باستخدام الرمز Google Pay في إصدار تجريبي أو إصدار إنتاجي.","Paga ahora con Google Pay en una versión de desarrollo o producción.","Paga ora con Google Pay in una build di sviluppo o di produzione."
"Pay the agreed amount now with your credit card.","Pay the agreed amount now with your credit card.","Bezahlen Sie den vereinbarten Betrag jetzt mit Ihrer Kreditkarte.","Réglez dès maintenant le montant convenu avec votre carte de crédit.","ادفع المبلغ المتفق عليه الآن باستخدام بطاقتك الائتمانية.","Pague ahora la cantidad acordada con su tarjeta de crédito.","Paga ora l'importo concordato con la tua carta di credito."
"Pay the agreed amount now with your debit card.","Pay the agreed amount now with your debit card.","Bezahlen Sie den vereinbarten Betrag jetzt mit Ihrer Debitkarte.","Réglez dès maintenant le montant convenu avec votre carte de débit.","ادفع المبلغ المتفق عليه الآن باستخدام بطاقة الخصم الخاصة بك.","Pague ahora la cantidad acordada con su tarjeta de débito.","Paga ora l'importo concordato con la tua carta di debito."
"Pay with Apple Pay","Pay with Apple Pay","Bezahlen Sie mit Apple Pay","Payez avec Apple Pay","ادفع باستخدام الرمز Apple Pay","Paga con Apple Pay","Paga con Apple Pay"
"Pay with Google Pay","Pay with Google Pay","Bezahlen Sie mit Google Pay","Payez avec Google Pay","ادفع باستخدام الرمز Google Pay","Paga con Google Pay","Paga con Google Pay"
"Payment","Payment","Zahlung","Paiement","قسط","Pago","Pagamento"
"Payment Hold","Payment Hold","Zahlungsreservierung","Préautorisation de paiement","تعليق الدفع","Retención de pago","Pagamento trattenuto"
"Payment Method","Payment Method","Zahlungsmethode","Moyen de paiement","وسيلة الدفع","Método de pago","Metodo di pagamento"
"Payment Summary","Payment Summary","Zahlungsübersicht","Résumé du paiement","ملخص الدفع","Resumen de pagos","Riepilogo pagamento"
"Payment confirmation was cancelled. You can try again.","Payment confirmation was cancelled. You can try again.","Die Zahlungsbestätigung wurde abgebrochen. Sie können es erneut versuchen.","La confirmation de paiement a été annulée. Vous pouvez réessayer.","تم إلغاء تأكيد الدفع. يمكنك المحاولة مرة أخرى.","Se canceló la confirmación del pago. Puedes intentarlo de nuevo.","La conferma del pagamento è stata annullata. Puoi riprovare."
"Payment method","Payment method","Zahlungsmethode","Mode de paiement","طريقة الدفع","Método de pago","Metodo di pagamento"
"Payment status","Payment status","Zahlungsstatus","État du paiement","حالة الدفع","Estado del pago","Stato del pagamento"
"Payment succeeded but request finalization is still pending. Current request status: {{value0}}.","Payment succeeded but request finalization is still pending. Current request status: {{value0}}.","Die Zahlung war erfolgreich, die Bearbeitung der Anfrage steht jedoch noch aus. Aktueller Anfragestatus: {{value0}}.","Le paiement a été effectué, mais la finalisation de la demande est toujours en attente. Statut actuel de la demande : {{value0}}.","تمت عملية الدفع بنجاح، ولكن لا يزال إتمام الطلب قيد الانتظار. حالة الطلب الحالية: {{value0}}.","El pago se realizó correctamente, pero la solicitud aún está pendiente de finalización. Estado actual de la solicitud: {{value0}}.","Il pagamento è riuscito, ma la finalizzazione della richiesta è ancora in sospeso. Stato attuale della richiesta: {{value0}}."
"Payment was not completed successfully. Current status: {{value0}}.","Payment was not completed successfully. Current status: {{value0}}.","Die Zahlung konnte nicht erfolgreich abgeschlossen werden. Aktueller Status: {{value0}}.","Le paiement n'a pas abouti. Statut actuel : {{value0}}.","لم يتم إتمام عملية الدفع بنجاح. الحالة الحالية: {{value0}}.","El pago no se completó correctamente. Estado actual: {{value0}}.","Il pagamento non è stato completato correttamente. Stato attuale: {{value0}}."
"Pending Offers","Pending Offers","Ausstehende Angebote","Offres en attente","العروض المعلقة","Ofertas pendientes","Offerte in attesa"
"Phone number","Phone number","Telefonnummer","Numéro de téléphone","رقم الهاتف","Número de teléfono","Numero di telefono"
"Photos","Photos","Fotos","Images","الصور","Fotos","Foto"
"Photos help drivers understand the shipment size and handling needs.","Photos help drivers understand the shipment size and handling needs.","Fotos helfen den Fahrern, die Größe der Sendung und die Anforderungen an die Handhabung zu verstehen.","Les photos aident les chauffeurs à comprendre la taille de l'envoi et les besoins en matière de manutention.","تساعد الصور السائقين على فهم حجم الشحنة واحتياجات المناولة.","Las fotos ayudan a los conductores a comprender el tamaño del envío y las necesidades de manipulación.","Le foto aiutano gli autisti a comprendere le dimensioni della spedizione e le esigenze di movimentazione."
"Physical device over Wi-Fi","Physical device over Wi-Fi","Physisches Gerät über WLAN","Appareil physique via Wi-Fi","جهاز مادي متصل بشبكة Wi-Fi","Dispositivo físico a través de Wi-Fi","Dispositivo fisico tramite Wi-Fi"
"Pick the transport type that best matches your order.","Pick the transport type that best matches your order.","Wählen Sie die Transportart, die am besten zu Ihrer Bestellung passt.","Choisissez le mode de transport qui correspond le mieux à votre commande.","اختر نوع النقل الذي يناسب طلبك بشكل أفضل.","Seleccione el tipo de transporte que mejor se adapte a su pedido.","Scegli il tipo di trasporto più adatto al tuo ordine."
"Picked Up","Picked Up","Abgeholt","Enlevé","تم الاستلام","Recogido","Ritirato"
"Picked up at","Picked up at","Abgeholt bei","Récupéré à","تم استلامها من","Recogido en","Ritirato alle"
"Pickup","Pickup","Abholung","Enlèvement","الاستلام","Recogida","Ritiro"
"Pickup Date","Pickup Date","Abholdatum","Date de retrait","تاريخ الاستلام","Fecha de recogida","Data di ritiro"
"Pickup Location","Pickup Location","Abholort","Lieu d'enlèvement","موقع الاستلام","Ubicación de recogida","Luogo di ritiro"
"Pickup Proof Photos","Pickup Proof Photos","Abholnachweisfotos","Photos de preuve de ramassage","صور إثبات الاستلام","Fotos que demuestran la recogida","Foto della prova di ritiro"
"Pickup Time","Pickup Time","Abholzeit","Heure de prise en charge","وقت الاستلام","Hora de recogida","Ora di ritiro"
"Pickup Truck","Pickup Truck","Pickup-Truck","Camionnette","شاحنة صغيرة","Camioneta","Pick-up"
"Pickup address","Pickup address","Abholadresse","Adresse de ramassage","عنوان الاستلام","Dirección de recogida","Indirizzo di ritiro"
"Pickup confirmed","Pickup confirmed","Abholung bestätigt","Prise en charge confirmée","تم تأكيد الاستلام","Recogida confirmada","Ritiro confermato"
"Pickup location","Pickup location","Abholort","Lieu de ramassage","موقع الاستلام","Lugar de recogida","Luogo di ritiro"
"Pickup location is missing. Please edit pickup location.","Pickup location is missing. Please edit pickup location.","Der Abholort fehlt. Bitte korrigieren Sie den Abholort.","Le lieu de prise en charge est manquant. Veuillez le modifier.","موقع الاستلام غير موجود. يرجى تعديل موقع الاستلام.","Falta la ubicación de recogida. Por favor, edite la ubicación de recogida.","Il luogo di ritiro è mancante. Modifica il luogo di ritiro."
"Pickup location is missing. Redirecting to pickup step...","Pickup location is missing. Redirecting to pickup step...","Der Abholort fehlt. Weiterleitung zum nächsten Abholschritt…","Lieu de prise en charge introuvable. Redirection vers l'étape de prise en charge...","موقع الاستلام غير موجود. جارٍ إعادة التوجيه إلى خطوة الاستلام...","No se ha encontrado el lugar de recogida. Redireccionando al paso de recogida...","Il luogo di ritiro è mancante. Reindirizzamento alla fase di ritiro..."
"Pickup map","Pickup map","Abholkarte","Carte de ramassage","خريطة الاستلام","Mapa de recogida","Mappa del ritiro"
"Pickup not set","Pickup not set","Abholung nicht festgelegt","Enlèvement non défini","لم يتم تحديد الاستلام","Recogida no establecida","Ritiro non impostato"
"Pickup proof photos will appear after pickup is completed.","Pickup proof photos will appear after pickup is completed.","Die Abholnachweisfotos werden nach Abschluss der Abholung angezeigt.","Des photos confirmant l'enlèvement apparaîtront une fois celui-ci effectué.","ستظهر صور إثبات الاستلام بعد اكتمال عملية الاستلام.","Las fotos que acrediten la recogida aparecerán una vez finalizada la misma.","Le foto della prova di ritiro appariranno una volta completato il ritiro."
"Pickup stage","Pickup stage","Abholphase","Étape de ramassage","مرحلة الاستلام","Etapa de recogida","Fase di ritiro"
"Pickup tracking map is available on iOS and Android only.","Pickup tracking map is available on iOS and Android only.","Die Karte zur Sendungsverfolgung ist nur für iOS und Android verfügbar.","La carte de suivi des prises en charge est disponible uniquement sur iOS et Android.","تتوفر خريطة تتبع الاستلام على iOS و Android فقط.","El mapa de seguimiento de recogidas solo está disponible en iOS y Android.","La mappa di tracciamento del ritiro è disponibile solo su iOS e Android."
"Pickup:","Pickup:","Abholen:","Ramasser:","يلتقط:","Levantar:","Ritiro:"
"Pieces","Pieces","Stücke","Pièces","قِطَع","Piezas","Pezzi"
"Place details did not return coordinates.","Place details did not return coordinates.","Bei den Ortsdetails wurden keine Koordinaten zurückgegeben.","Les détails du lieu n'ont pas renvoyé les coordonnées.","تفاصيل المكان لم تُرجع الإحداثيات.","Los detalles del lugar no devolvieron coordenadas.","I dettagli del luogo non hanno restituito le coordinate."
"Place details request failed.","Place details request failed.","Anfrage der Platzdetails fehlgeschlagen.","La demande de détails du lieu a échoué.","فشل طلب تفاصيل المكان.","La solicitud de detalles del lugar falló.","Richiesta dei dettagli del luogo non riuscita."
"Places autocomplete request failed.","Places autocomplete request failed.","Die Anfrage zur automatischen Vervollständigung von Orten ist fehlgeschlagen.","La requête de saisie automatique des lieux a échoué.","فشل طلب الإكمال التلقائي للأماكن.","La solicitud de autocompletado de lugares falló.","Richiesta di completamento automatico dei luoghi non riuscita."
"Places search failed. Please try again.","Places search failed. Please try again.","Die Suche nach Orten ist fehlgeschlagen. Bitte versuchen Sie es erneut.","La recherche de lieux a échoué. Veuillez réessayer.","فشل البحث عن الأماكن. يرجى المحاولة مرة أخرى.","La búsqueda de lugares falló. Por favor, inténtelo de nuevo.","Ricerca dei luoghi non riuscita. Riprova."
"Please accept the Terms of Service and Privacy Policy to create an account.","Please accept the Terms of Service and Privacy Policy to create an account.","","","","","Accetta i Termini di servizio e l'Informativa sulla privacy per creare un account."
"Please add a valid number of helpers.","Please add a valid number of helpers.","Bitte geben Sie eine gültige Anzahl von Helfern an.","Veuillez ajouter un nombre valide d'assistants.","يرجى إضافة عدد صحيح من المساعدين.","Por favor, indique un número válido de ayudantes.","Inserisci un numero valido di aiutanti."
"Please add at least one furniture photo.","Please add at least one furniture photo.","Bitte fügen Sie mindestens ein Foto der Möbel hinzu.","Veuillez ajouter au moins une photo de meuble.","يرجى إضافة صورة واحدة على الأقل للأثاث.","Por favor, añade al menos una foto de los muebles.","Aggiungi almeno una foto dei mobili."
"Please choose pickup location first. Redirecting...","Please choose pickup location first. Redirecting...","Bitte wählen Sie zuerst den Abholort. Weiterleitung...","Veuillez d'abord choisir un lieu de prise en charge. Redirection en cours...","يرجى اختيار موقع الاستلام أولاً. جارٍ إعادة التوجيه...","Por favor, seleccione primero el lugar de recogida. Redireccionando...","Seleziona prima il luogo di ritiro. Reindirizzamento..."
"Please complete required fields.","Please complete required fields.","Bitte füllen Sie die Pflichtfelder aus.","Veuillez remplir les champs obligatoires.","يرجى تعبئة الحقول المطلوبة.","Por favor, complete los campos obligatorios.","Compila i campi obbligatori."
"Please complete the vehicle details.","Please complete the vehicle details.","Bitte vervollständigen Sie die Fahrzeugdaten.","Veuillez compléter les informations relatives au véhicule.","يرجى استكمال بيانات المركبة.","Por favor, complete los datos del vehículo.","Completa i dettagli del veicolo."
"Please describe the furniture to be transported.","Please describe the furniture to be transported.","Bitte beschreiben Sie die zu transportierenden Möbel.","Veuillez décrire le mobilier à transporter.","يرجى وصف الأثاث المراد نقله.","Por favor, describa los muebles que se van a transportar.","Descrivi i mobili da trasportare."
"Please describe the goods you want to transport.","Please describe the goods you want to transport.","Bitte beschreiben Sie die Güter, die Sie transportieren möchten.","Veuillez décrire les marchandises que vous souhaitez transporter.","يرجى وصف البضائع التي ترغب في نقلها.","Por favor, describa la mercancía que desea transportar.","Descrivi la merce che desideri trasportare."
"Please select a dropoff location first.","Please select a dropoff location first.","Bitte wählen Sie zuerst einen Abgabeort aus.","Veuillez d'abord sélectionner un lieu de dépôt.","يرجى تحديد موقع التسليم أولاً.","Por favor, seleccione primero un lugar de entrega.","Seleziona prima un luogo di consegna."
"Please select a pickup location first.","Please select a pickup location first.","Bitte wählen Sie zuerst einen Abholort aus.","Veuillez d'abord sélectionner un lieu de retrait.","يرجى تحديد موقع الاستلام أولاً.","Por favor, seleccione primero un lugar de recogida.","Seleziona prima un luogo di ritiro."
"Please select a shipment size.","Please select a shipment size.","Bitte wählen Sie eine Versandgröße.","Veuillez sélectionner la taille de l'envoi.","يرجى تحديد حجم الشحنة.","Por favor, seleccione un tamaño de envío.","Seleziona una dimensione della spedizione."
"Please select a valid moving date.","Please select a valid moving date.","Bitte wählen Sie ein gültiges Umzugsdatum.","Veuillez sélectionner une date de déménagement valide.","يرجى اختيار تاريخ نقل صالح.","Por favor, seleccione una fecha válida para la mudanza.","Seleziona una data di trasloco valida."
"Please select the motorcycle condition.","Please select the motorcycle condition.","Bitte wählen Sie den Zustand des Motorrads.","Veuillez sélectionner l'état de la moto.","يرجى تحديد حالة الدراجة النارية.","Seleccione el estado de la motocicleta.","Seleziona le condizioni della moto."
"Please select the motorcycle type.","Please select the motorcycle type.","Bitte wählen Sie den Motorradtyp.","Veuillez sélectionner le type de moto.","يرجى تحديد نوع الدراجة النارية.","Seleccione el tipo de motocicleta.","Seleziona il tipo di moto."
"Please select the vehicle condition.","Please select the vehicle condition.","Bitte wählen Sie den Fahrzeugzustand aus.","Veuillez sélectionner l'état du véhicule.","يرجى تحديد حالة المركبة.","Seleccione el estado del vehículo.","Seleziona le condizioni del veicolo."
"Please try again in a moment.","Please try again in a moment.","Bitte versuchen Sie es in Kürze erneut.","Veuillez réessayer dans un instant.","يرجى المحاولة بعد قليل.","Inténtalo de nuevo en un momento.","Riprova tra qualche istante."
"Please try again.","Please try again.","Bitte versuchen Sie es erneut.","Veuillez réessayer.","يرجى المحاولة مرة أخرى.","Por favor, inténtalo de nuevo.","Riprova."
"Prepare your furniture move","Prepare your furniture move","Bereiten Sie Ihren Möbelumzug vor","Préparez votre déménagement de meubles","جهّز نفسك لنقل أثاثك","Prepara tu mudanza de muebles","Prepara il trasporto dei tuoi mobili"
"Privacy Policy","Privacy Policy","","","","","Informativa sulla privacy"
"Processing…","Processing…","Verarbeitung…","Traitement…","يعالج…","Tratamiento…","Elaborazione…"
"Production","Production","Produktion","Fabrication","الإنتاج","Producción","Produzione"
"Profile","Profile","Profil","Profil","الملف الشخصي","Perfil","Profilo"
"Profile updated successfully.","Profile updated successfully.","Profil erfolgreich aktualisiert.","Profil mis à jour avec succès.","تم تحديث الملف الشخصي بنجاح.","Perfil actualizado correctamente.","Profilo aggiornato con successo."
"Proof photos received:","Proof photos received:","Nachweisfotos erhalten:","Photos de preuve reçues :","تم استلام صور الإثبات:","Fotos de prueba recibidas:","Foto di prova ricevute:"
"Push notification registration is unsupported on this platform.","Push notification registration is unsupported on this platform.","Die Registrierung von Push-Benachrichtigungen wird auf dieser Plattform nicht unterstützt.","L'enregistrement des notifications push n'est pas pris en charge sur cette plate-forme.","تسجيل إشعارات الدفع غير مدعوم على هذا النظام الأساسي.","El registro de notificaciones push no es compatible con esta plataforma.","La registrazione delle notifiche push non è supportata su questa piattaforma."
"Push notification registration requires a physical device.","Push notification registration requires a physical device.","Für die Push-Benachrichtigungsregistrierung ist ein physisches Gerät erforderlich.","L’enregistrement des notifications push nécessite un appareil physique.","يتطلب تسجيل إشعار الدفع جهازًا فعليًا.","El registro de notificaciones push requiere un dispositivo físico.","La registrazione delle notifiche push richiede un dispositivo fisico."
"Push registered: {{token}}...","Push registered: {{token}}...","Push registriert: {{token}}...","Notifications activées : {{token}}...","تم تسجيل الإشعارات: {{token}}...","Notificaciones registradas: {{token}}...","Notifiche push registrate: {{token}}..."
"Rate Driver","Rate Driver","Fahrer bewerten","Évaluer le chauffeur","قيّم السائق","Calificar conductor","Valuta l'autista"
"Rate Service","Rate Service","Tarifdienst","Service de tarification","خدمة الأسعار","Servicio de tarifas","Valuta il servizio"
"Rate driver","Rate driver","Tariftreiber","Moteur de taux","معدل التشغيل","Factor determinante de la tasa","Valuta l'autista"
"Rate your driver","Rate your driver","Bewerten Sie Ihren Fahrer","Évaluez votre chauffeur","قيّم سائقك","Califica a tu conductor","Valuta il tuo autista"
"Rate {{rating}} stars","Rate {{rating}} stars","Bewerten Sie {{rating}} mit Sternen","Évaluer {{rating}} étoiles","قيّم {{rating}} بالنجوم","Califica {{rating}} con estrellas","Valuta {{rating}} stelle"
"Rating is no longer available for this trip. It may already have been submitted.","Rating is no longer available for this trip. It may already have been submitted.","Für diese Reise ist keine Bewertung mehr verfügbar. Sie wurde möglicherweise bereits abgegeben.","L'évaluation de ce voyage n'est plus disponible. Elle a peut-être déjà été soumise.","لم يعد التقييم متاحًا لهذه الرحلة. ربما تم تقديمه بالفعل.","La valoración para este viaje ya no está disponible. Es posible que ya se haya enviado.","La valutazione non è più disponibile per questo trasporto. Potrebbe essere già stata inviata."
"Rating pending","Rating pending","Bewertung ausstehend","Évaluation en attente","التقييم قيد الانتظار","Calificación pendiente","Valutazione in sospeso"
"Ready to book","Ready to book","Bereit zur Buchung","Prêt à réserver","جاهز للحجز","Listo para reservar","Pronto per la prenotazione"
"Realtime chat connection issue.","Realtime chat connection issue.","Problem mit der Echtzeit-Chatverbindung.","Problème de connexion au chat en temps réel.","مشكلة في اتصال الدردشة الفورية.","Problema de conexión con el chat en tiempo real.","Problema di connessione alla chat in tempo reale."
"Realtime chat connection timed out.","Realtime chat connection timed out.","Die Echtzeit-Chatverbindung wurde unterbrochen.","La connexion au chat en temps réel a expiré.","انقطع اتصال الدردشة الفورية.","La conexión de chat en tiempo real ha caducado.","Timeout della connessione alla chat in tempo reale."
"Realtime connected","Realtime connected","Echtzeitverbindung","Connexion en temps réel","متصل في الوقت الفعلي","Conexión en tiempo real","Connesso in tempo reale"
"Realtime connecting…","Realtime connecting…","Echtzeitverbindung…","Connexion en temps réel…","اتصال فوري…","Conexión en tiempo real…","Connessione in tempo reale…"
"Realtime connection issue","Realtime connection issue","Echtzeit-Verbindungsproblem","Problème de connexion en temps réel","مشكلة في الاتصال في الوقت الفعلي","Problema de conexión en tiempo real","Problema di connessione in tempo reale"
"Realtime connection timeout.","Realtime connection timeout.","Echtzeit-Verbindungstimeout.","Délai d'expiration de la connexion en temps réel.","مهلة الاتصال في الوقت الفعلي.","Tiempo de espera de conexión en tiempo real agotado.","Timeout della connessione in tempo reale."
"Realtime disconnected","Realtime disconnected","Echtzeit-Verbindungstrennung","Déconnexion en temps réel","انقطاع الاتصال في الوقت الفعلي","Desconectado en tiempo real","Connessione in tempo reale interrotta"
"Realtime idle","Realtime idle","Echtzeit-Leerlauf","inactivité en temps réel","وضع الخمول في الوقت الحقيقي","Inactividad en tiempo real","Connessione in tempo reale inattiva"
"Realtime unavailable","Realtime unavailable","Echtzeit nicht verfügbar","Temps réel indisponible","غير متوفر في الوقت الفعلي","Tiempo real no disponible","Tempo reale non disponibile"
"Reason:","Reason:","Grund:","Raison:","سبب:","Razón:","Motivo:"
"Recent Activity","Recent Activity","Letzte Aktivitäten","Activité récente","النشاط الأخير","Actividad reciente","Attività recente"
"Recent Requests","Recent Requests","Letzte Anfragen","Demandes récentes","الطلبات الأخيرة","Solicitudes recientes","Richieste recenti"
"Recent activity","Recent activity","Aktuelle Aktivitäten","Activité récente","النشاط الأخير","Actividad reciente","Attività recente"
"Recovery email","Recovery email","Wiederherstellungs-E-Mail","Courriel de récupération","بريد إلكتروني للاسترداد","Correo electrónico de recuperación","Email di recupero"
"Refresh","Refresh","Aktualisieren","Actualiser","تحديث","Actualizar","Aggiorna"
"Refresh failed","Refresh failed","Aktualisierung fehlgeschlagen","Échec de l'actualisation","فشل التحديث","Falló la actualización","Aggiornamento non riuscito"
"Refreshing…","Refreshing…","Erfrischend…","Rafraîchissant…","منعش…","Refrescante…","Aggiornamento…"
"Refrigeration:","Refrigeration:","Kühlung:","Réfrigération:","تبريد:","Refrigeración:","Refrigerazione:"
"Register Push Notifications","Register Push Notifications","Push-Benachrichtigungen aktivieren","Activer les notifications push","تسجيل الإشعارات الفورية","Registrar notificaciones push","Attiva notifiche push"
"Registering Push...","Registering Push...","Push wird aktiviert...","Activation des notifications...","جارٍ تسجيل الإشعارات...","Registrando notificaciones...","Attivazione notifiche push..."
"Registration failed. Please try again.","Registration failed. Please try again.","Registrierung fehlgeschlagen. Bitte versuchen Sie es erneut.","L'inscription a échoué. Veuillez réessayer.","فشل التسجيل. حاول مرة أخرى.","El registro falló. Inténtalo de nuevo.","Registrazione non riuscita. Riprova."
"Released funds","Released funds","Freigegebene Gelder","Fonds débloqués","الأموال المفرج عنها","Fondos liberados","Fondi rilasciati"
"Remove","Remove","Entfernen","Supprimer","إزالة","Eliminar","Rimuovi"
"Request Details","Request Details","Anfragedetails","Détails de la demande","تفاصيل الطلب","Detalles de la solicitud","Dettagli della richiesta"
"Request Status","Request Status","Anfragestatus","Statut de la demande","حالة الطلب","Estado de la solicitud","Stato della richiesta"
"Request Summary","Request Summary","Anfrageubersicht","Resume de la demande","ملخص الطلب","Resumen de la solicitud","Riepilogo richiesta"
"Request cancelled","Request cancelled","Anfrage storniert","Demande annulée","تم إلغاء الطلب","Solicitud cancelada","Richiesta annullata"
"Request details are incomplete.","Request details are incomplete.","Die Anfragedetails sind unvollständig.","Les détails de la requête sont incomplets.","تفاصيل الطلب غير مكتملة.","Los detalles de la solicitud están incompletos.","I dettagli della richiesta sono incompleti."
"Request not found.","Request not found.","Anfrage nicht gefunden.","Demande introuvable.","لم يتم العثور على الطلب.","Solicitud no encontrada.","Richiesta non trovata."
"Request offers failed: {{value0}}","Request offers failed: {{value0}}","Angebotsanfrage fehlgeschlagen: {{value0}}","Échec de la requête : {{value0}}","فشلت طلبات العروض: {{value0}}","La solicitud de ofertas falló: {{value0}}","Errore nel caricamento delle offerte: {{value0}}"
"Request status failed: {{value0}}","Request status failed: {{value0}}","Anfragestatus fehlgeschlagen: {{value0}}","Échec de la requête : {{value0}}","فشل الطلب: {{value0}}","Estado de la solicitud fallida: {{value0}}","Errore nello stato della richiesta: {{value0}}"
"Request tracking failed: {{value0}}","Request tracking failed: {{value0}}","Fehler bei der Anforderungsverfolgung: {{value0}}","Échec du suivi de la requête : {{value0}}","فشل تتبع الطلب: {{value0}}","Falló el seguimiento de la solicitud: {{value0}}","Errore nel tracciamento della richiesta: {{value0}}"
"Requests","Requests","Anfragen","Demandes","الطلبات","Solicitudes","Richieste"
"Requires dedicated carrier","Requires dedicated carrier","Erfordert einen dedizierten Mobilfunkanbieter.","Nécessite un transporteur dédié","يتطلب ناقلاً مخصصاً","Requiere operador dedicado","Richiede un trasportatore dedicato"
"Requires loading help","Requires loading help","Ladehilfe erforderlich","Nécessite une aide au chargement","يتطلب مساعدة في التحميل","Requiere ayuda para cargar","Richiede assistenza per il carico"
"Requires refrigeration","Requires refrigeration","Kühlung erforderlich","Nécessite une réfrigération","يتطلب التبريد","Requiere refrigeración.","Richiede refrigerazione"
"Requires special wrapping","Requires special wrapping","Erfordert spezielle Verpackung","Nécessite un emballage spécial","يتطلب تغليفًا خاصًا","Requiere un embalaje especial.","Richiede imballaggio speciale"
"Resend code","Resend code","Code erneut senden","Renvoyer le code","إعادة إرسال الرمز","Reenviar código","Invia nuovamente il codice"
"Resend in {{seconds}}s","Resend in {{seconds}}s","Erneut senden in {{seconds}} s","Renvoyer dans {{seconds}} s","إعادة الإرسال خلال {{seconds}} ث","Reenviar en {{seconds}} s","Invia di nuovo tra {{seconds}} s"
"Reserved","Reserved","Reserviert","Réservé","محجوز","Reservado","Riservato"
"Reserved funds","Reserved funds","Reservierte Gelder","Fonds réservés","الأموال المخصصة","fondos reservados","Fondi riservati"
"Reset Password","Reset Password","Passwort zurücksetzen","Réinitialiser le mot de passe","إعادة تعيين كلمة المرور","Restablecer contraseña","Reimposta password"
"Reset your password","Reset your password","Setzen Sie Ihr Passwort zurück","Réinitialisez votre mot de passe","أعد تعيين كلمة المرور الخاصة بك","Restablecer su contraseña","Reimposta la password"
"Retry","Retry","Erneut versuchen","Réessayer","إعادة المحاولة","Reintentar","Riprova"
"Reverse geocoding request failed.","Reverse geocoding request failed.","Die Anfrage zur umgekehrten Geokodierung ist fehlgeschlagen.","La requête de géocodage inverse a échoué.","فشل طلب تحديد الموقع الجغرافي العكسي.","La solicitud de geocodificación inversa ha fallado.","Richiesta di geocodifica inversa non riuscita."
"Review","Review","Rezension","Revoir","مراجعة","Revisar","Riepilogo"
"Review again","Review again","Erneut prüfen","Réviser à nouveau","أعد المراجعة","Revisar de nuevo","Rivedi nuovamente"
"Review your transport request before sending it to drivers.","Review your transport request before sending it to drivers.","Überprüfen Sie Ihre Transportanfrage, bevor Sie sie an die Fahrer senden.","Veuillez vérifier votre demande de transport avant de l'envoyer aux chauffeurs.","راجع طلب النقل الخاص بك قبل إرساله إلى السائقين.","Revise su solicitud de transporte antes de enviarla a los conductores.","Controlla la tua richiesta di trasporto prima di inviarla agli autisti."
"Roadster","Roadster","Roadster","Roadster","رودستر","Coche de turismo","Roadster"
"Route distance:","Route distance:","Streckenlänge:","Distance du trajet :","مسافة المسار:","Distancia de la ruta:","Distanza del percorso:"
"Running vehicle","Running vehicle","Fahrbereit","Véhicule en marche","مركبة عاملة","Vehículo en marcha","Veicolo funzionante"
"S","S","S","S","S","S","S"
"SUV","SUV","SUV","SUV","سيارة رياضية متعددة الاستخدامات","SUV","SUV"
"Save Changes","Save Changes","Änderungen speichern","Enregistrer les modifications","حفظ التغييرات","Guardar cambios","Salva modifiche"
"Saved cards are not used automatically for wallet top-ups in this version.","Saved cards are not used automatically for wallet top-ups in this version.","Gespeicherte Karten werden in dieser Version nicht automatisch für Wallet-Aufladungen verwendet.","Dans cette version, les cartes enregistrées ne sont pas utilisées automatiquement pour recharger le portefeuille.","لا يتم استخدام البطاقات المحفوظة تلقائيًا لإعادة تعبئة المحفظة في هذا الإصدار.","En esta versión, las tarjetas guardadas no se utilizan automáticamente para recargar el monedero.","In questa versione le carte salvate non vengono utilizzate automaticamente per le ricariche del portafoglio."
"Saving details...","Saving details...","Details werden gespeichert...","Enregistrement des détails...","جارٍ حفظ التفاصيل...","Guardando detalles...","Salvataggio dei dettagli..."
"Schedule","Schedule","Zeitplan","Planification","الجدول","Cronograma","Programmazione"
"Schedule for later","Schedule for later","Termin für später","Planifiez pour plus tard","جدولة لاحقاً","Programar para más tarde","Programma per dopo"
"Schedule later","Schedule later","Späteren Termin vereinbaren","Planifiez plus tard","سيتم تحديد الموعد لاحقًا","Programar para más tarde","Programma più tardi"
"Scheduled pickup must be in the future.","Scheduled pickup must be in the future.","Die Abholung muss in der Zukunft erfolgen.","L'enlèvement programmé doit avoir lieu dans le futur.","يجب أن يكون موعد الاستلام في المستقبل.","La recogida programada debe realizarse en el futuro.","Il ritiro programmato deve essere in una data futura."
"Scheduled: {{value}}","Scheduled: {{value}}","Geplant: {{value}}","Prévu : {{value}}","الموعد: {{value}}","Programado: {{value}}","Programmato: {{value}}"
"Scooter","Scooter","Roller","Scooter","سكوتر","Scooter","Scooter"
"Search countries","Search countries","Länder suchen","Rechercher des pays","ابحث عن دولة","Buscar países","Cerca Paese"
"Search dropoff address","Search dropoff address","Abgabeadresse suchen","Rechercher l'adresse de dépôt","ابحث عن عنوان التسليم","Buscar dirección de entrega","Cerca indirizzo di consegna"
"Search for a destination above to pin the dropoff location, or open the app on iOS or Android for full map selection.","Search for a destination above to pin the dropoff location, or open the app on iOS or Android for full map selection.","Suchen Sie oben nach einem Zielort, um den Abholort festzulegen, oder öffnen Sie die App auf iOS oder Android für die vollständige Kartenauswahl.","Recherchez une destination ci-dessus pour épingler le lieu de dépôt, ou ouvrez l'application sur iOS ou Android pour une sélection complète de la carte.","ابحث عن وجهة أعلاه لتحديد موقع التسليم، أو افتح التطبيق على iOS أو Android لاختيار الخريطة الكاملة.","Busque un destino arriba para marcar la ubicación de entrega, o abra la aplicación en iOS o Android para ver el mapa completo.","Cerca una destinazione qui sopra per impostare il luogo di consegna oppure apri l'app su iOS o Android per selezionarlo direttamente sulla mappa."
"Search for an address above to pin the pickup location, or open the app on iOS or Android for full map selection.","Search for an address above to pin the pickup location, or open the app on iOS or Android for full map selection.","Suchen Sie oben nach einer Adresse, um den Abholort festzulegen, oder öffnen Sie die App auf iOS oder Android für die vollständige Kartenauswahl.","Recherchez une adresse ci-dessus pour indiquer le lieu de prise en charge, ou ouvrez l'application sur iOS ou Android pour une sélection complète de la carte.","ابحث عن عنوان أعلاه لتحديد موقع الاستلام، أو افتح التطبيق على iOS أو Android لاختيار الخريطة الكاملة.","Busque una dirección arriba para marcar la ubicación de recogida, o abra la aplicación en iOS o Android para ver el mapa completo.","Cerca un indirizzo qui sopra per impostare il luogo di ritiro oppure apri l'app su iOS o Android per selezionarlo direttamente sulla mappa."
"Search pickup address","Search pickup address","Abholadresse suchen","Rechercher l'adresse de prise en charge","ابحث عن عنوان الاستلام","Buscar dirección de recogida","Cerca indirizzo di ritiro"
"Search...","Search...","Suchen...","Recherche...","يبحث...","Buscar...","Cerca..."
"Sedan","Sedan","Limousine","Sedan","سيارة سيدان","Sedán","Berlina"
"See All","See All","Alle anzeigen","Voir tout","عرض الكل","Ver todo","Vedi tutto"
"See all","See all","Alle anzeigen","Voir tout","عرض الكل","Ver todo","Vedi tutto"
"Select Driver","Select Driver","Treiber auswählen","Sélectionner le conducteur","حدد السائق","Seleccionar conductor","Seleziona autista"
"Select body type","Select body type","Wählen Sie den Karosserietyp aus.","Sélectionnez le type de corps","اختر نوع الجسم","Seleccione el tipo de cuerpo","Seleziona tipo di carrozzeria"
"Select brand","Select brand","Marke auswählen","Sélectionner la marque","اختر العلامة التجارية","Seleccionar marca","Seleziona marca"
"Select condition","Select condition","Bedingung auswählen","Sélectionner la condition","تحديد الشرط","Seleccione una condición","Seleziona condizione"
"Select country","Select country","Land auswählen","Sélectionner un pays","اختر الدولة","Seleccionar país","Seleziona il Paese"
"Select language","Select language","Sprache auswählen","Choisir la langue","اختر اللغة","Seleccionar idioma","Seleziona lingua"
"Select model","Select model","Modell auswählen","Sélectionner le modèle","اختر الطراز","Seleccione el modelo","Seleziona modello"
"Select motorcycle condition","Select motorcycle condition","Motorradzustand auswählen","Sélectionner l'état de la moto","اختر حالة الدراجة النارية","Seleccione el estado de la motocicleta","Seleziona condizioni della moto"
"Select motorcycle type","Select motorcycle type","Motorradtyp auswählen","Sélectionnez le type de moto","اختر نوع الدراجة النارية","Seleccione el tipo de motocicleta","Seleziona tipo di moto"
"Select series","Select series","Serien auswählen","Séries sélectionnées","سلسلة مختارة","Seleccione series","Seleziona serie"
"Select shipment size","Select shipment size","Wählen Sie die Versandgröße.","Sélectionnez la taille de l'envoi","حدد حجم الشحنة","Seleccione el tamaño del envío","Seleziona dimensione della spedizione"
"Select year","Select year","Jahr auswählen","Sélectionnez l'année","اختر السنة","Seleccione el año","Seleziona anno"
"Selected driver","Selected driver","Ausgewählter Fahrer","Conducteur sélectionné","السائق المحدد","Conductor seleccionado","Autista selezionato"
"Selected dropoff location","Selected dropoff location","Ausgewählter Abgabeort","Lieu de dépôt sélectionné","موقع التسليم المحدد","Lugar de entrega seleccionado","Luogo di consegna selezionato"
"Selected dropoff location.","Selected dropoff location.","Ausgewählter Abgabeort.","Lieu de dépôt sélectionné.","موقع التسليم المحدد.","Lugar de entrega seleccionado.","Luogo di consegna selezionato."
"Selected location","Selected location","Ausgewählter Ort","Emplacement sélectionné","الموقع المحدد","Ubicación seleccionada","Posizione selezionata"
"Selected offer","Selected offer","Ausgewähltes Angebot","Offre sélectionnée","عرض مختار","Oferta seleccionada","Offerta selezionata"
"Send","Send","Senden","Envoyer","أرسل","Enviar","Invia"
"Send Reset Link","Send Reset Link","Link senden","Envoyer le lien","إرسال رابط إعادة التعيين","Enviar enlace","Invia link di reimpostazione"
"Send reset link","Send reset link","Link zum Zurücksetzen senden","Envoyer le lien de réinitialisation","إرسال رابط إعادة التعيين","Enviar enlace de reinicio","Invia link di reimpostazione"
"Send verification code","Send verification code","Bestätigungscode senden","Envoyer le code de vérification","إرسال رمز التحقق","Enviar código de verificación","Invia codice di verifica"
"Sending…","Sending…","Wird gesendet…","Envoi en cours…","جارٍ الإرسال…","Enviando…","Invio in corso…"
"Sent to {{value0}} eligible drivers.","Sent to {{value0}} eligible drivers.","Gesendet an berechtigte Fahrer mit dem Kennzeichen {{value0}}.","Envoyé aux conducteurs éligibles à {{value0}}.","تم إرسالها إلى السائقين المؤهلين {{value0}}.","Enviado a los conductores elegibles de {{value0}}.","Inviata a {{value0}} autisti idonei."
"Series / Variant (manual)","Series / Variant (manual)","Serie / Variante (manuell)","Série / Variante (manuel)","سلسلة / نسخة (يدوية)","Serie / Variante (manual)","Serie / Variante (manuale)"
"Series:","Series:","Serie:","Série:","مسلسل:","Serie:","Serie:"
"Service","Service","Dienstleistung","Prestation","الخدمة","Servicio","Servizio"
"Services","Services","Dienstleistungen","Services","الخدمات","Servicios","Servizi"
"Set on first successful top-up","Set on first successful top-up","Bei erfolgreicher erster Aufladung eingestellt","Réglé sur le premier rechargement réussi","تم ضبطه على أول عملية شحن ناجحة","Configurado para la primera recarga exitosa","Impostato alla prima ricarica riuscita"
"Set the Google Maps API key to display delivery tracking.","Set the Google Maps API key to display delivery tracking.","Stellen Sie den Schlüssel Google Maps API ein, um die Sendungsverfolgung anzuzeigen.","Configurez la touche Google Maps API pour afficher le suivi de livraison.","قم بتعيين المفتاح Google Maps API لعرض تتبع التسليم.","Configure la tecla Google Maps API para visualizar el seguimiento de la entrega.","Imposta la chiave API di Google Maps per visualizzare il tracciamento della consegna."
"Set the Google Maps API key to display live tracking.","Set the Google Maps API key to display live tracking.","Stellen Sie die Taste Google Maps API ein, um Live-Tracking anzuzeigen.","Réglez la touche Google Maps API pour afficher le suivi en direct.","قم بتعيين المفتاح Google Maps API لعرض التتبع المباشر.","Configure la tecla Google Maps API para mostrar el seguimiento en tiempo real.","Imposta la chiave API di Google Maps per visualizzare il tracciamento in tempo reale."
"Settings","Settings","Einstellungen","Paramètres","الإعدادات","Configuración","Impostazioni"
"Shipment Photos","Shipment Photos","Versandfotos","Photos de l'expédition","صور الشحنة","Fotos del envío","Foto della spedizione"
"Shipment Size","Shipment Size","Versandgröße","Taille de l'envoi","حجم الشحنة","Tamaño del envío","Dimensione della spedizione"
"Shipment size:","Shipment size:","Sendungsgröße:","Taille de l'envoi :","حجم الشحنة:","Tamaño del envío:","Dimensione della spedizione:"
"Sign in","Sign in","Anmelden","Se connecter","تسجيل الدخول","Iniciar sesión","Accedi"
"Sign in to continue your ride requests","Sign in to continue your ride requests","Melden Sie sich an, um Ihre Transportanfragen fortzusetzen","Connectez-vous pour continuer vos demandes de transport","سجّل الدخول لمتابعة طلبات النقل الخاصة بك","Inicia sesión para continuar tus solicitudes de transporte","Accedi per continuare con le tue richieste di trasporto"
"Simple Page","Simple Page","Einfache Seite","Page simple","صفحة بسيطة","Página simple","Pagina semplice"
"Six digit verification code","Six digit verification code","Sechsstelliger Bestätigungscode","Code de vérification à six chiffres","رمز تحقق من ستة أرقام","Código de verificación de seis dígitos","Codice di verifica a sei cifre"
"Size","Size","Größe","Taille","مقاس","Tamaño","Dimensione"
"Skip","Skip","Überspringen","Passer","تخطي","Saltar","Salta"
"Skip verification","Skip verification","Verifizierung überspringen","Passer la vérification","تخطي التحقق","Omitir verificación","Salta verifica"
"Socket Debug","Socket Debug","Socket-Debug","Diagnostic socket","تشخيص الاتصال","Depuración de socket","Diagnostica socket"
"Socket connect error.","Socket connect error.","Socket-Verbindungsfehler.","Erreur de connexion au socket.","خطأ في اتصال المقبس.","Error de conexión del socket.","Errore di connessione socket."
"Socket connection error.","Socket connection error.","Socket-Verbindungsfehler.","Erreur de connexion au socket.","خطأ في اتصال المقبس.","Error de conexión del socket.","Errore di connessione socket."
"Socket connection timeout.","Socket connection timeout.","Zeitüberschreitung der Socket-Verbindung.","Expiration du délai de connexion au socket.","انتهت مهلة اتصال المقبس.","Tiempo de espera agotado para la conexión de socket.","Timeout della connessione socket."
"Socket disconnected. Waiting to reconnect...","Socket disconnected. Waiting to reconnect...","Verbindung getrennt. Warte auf erneute Verbindung...","Prise déconnectée. En attente de reconnexion...","تم فصل المقبس. جارٍ انتظار إعادة الاتصال...","Enchufe desconectado. Esperando a que se vuelva a conectar...","Socket disconnesso. In attesa della riconnessione..."
"Socket error.","Socket error.","Socket-Fehler.","Erreur de socket.","خطأ في الاتصال.","Error de socket.","Errore socket."
"Socket is not connected. Call connectSocket first.","Socket is not connected. Call connectSocket first.","Steckdose ist nicht angeschlossen. Rufen Sie zuerst connectSocket auf.","La prise n'est pas connectée. Appelez d'abord connectSocket.","المقبس غير متصل. اتصل بـ ConnectSocket أولاً.","El socket no está conectado. Primero llame a connectSocket.","Il socket non è connesso. Chiama prima connectSocket."
"Spanish","Spanish","Spanisch","Espagnol","الأسبانية","Español","Spagnolo"
"Special Handling","Special Handling","Sonderbehandlung","Manutention spéciale","معالجة خاصة","Manejo especial","Movimentazione speciale"
"Special Instructions","Special Instructions","Besondere Anweisungen","Instructions spéciales","تعليمات خاصة","Instrucciones especiales","Istruzioni speciali"
"Special case or accident","Special case or accident","Sonderfall oder Unfall","Cas particulier ou accident","حالة خاصة أو حادث","Caso especial o accidente","Caso speciale o incidente"
"Special instructions (optional)","Special instructions (optional)","Besondere Anweisungen (optional)","Instructions particulières (facultatives)","تعليمات خاصة (اختيارية)","Instrucciones especiales (opcional)","Istruzioni speciali (facoltative)"
"Special instructions:","Special instructions:","Besondere Anweisungen:","Instructions particulières :","تعليمات خاصة:","Instrucciones especiales:","Istruzioni speciali:"
"Special wrapping:","Special wrapping:","Spezialverpackung:","Emballage spécial :","تغليف خاص:","Envoltorio especial:","Imballaggio speciale:"
"Sport bike","Sport bike","Sportmotorrad","moto sportive","دراجة رياضية","Moto deportiva","Moto sportiva"
"Start the conversation once your driver is ready.","Start the conversation once your driver is ready.","Beginnen Sie das Gespräch, sobald Ihr Fahrer bereit ist.","Entamez la conversation une fois que votre chauffeur est prêt.","ابدأ المحادثة بمجرد أن يكون سائقك جاهزًا.","Inicia la conversación cuando tu conductor esté listo.","Inizia la conversazione quando il tuo autista è pronto."
"Start typing and tap a suggestion to pin the dropoff location.","Start typing and tap a suggestion to pin the dropoff location.","Beginnen Sie mit der Eingabe und tippen Sie auf einen Vorschlag, um den Ablageort festzulegen.","Commencez à saisir du texte et appuyez sur une suggestion pour épingler le lieu de dépôt.","ابدأ الكتابة وانقر على أحد الاقتراحات لتحديد موقع التسليم.","Empieza a escribir y toca una sugerencia para marcar la ubicación de entrega.","Inizia a digitare e tocca un suggerimento per impostare il luogo di consegna."
"Start typing and tap a suggestion to pin the pickup location.","Start typing and tap a suggestion to pin the pickup location.","Beginnen Sie mit der Eingabe und tippen Sie auf einen Vorschlag, um den Abholort festzulegen.","Commencez à saisir du texte et appuyez sur une suggestion pour épingler le lieu de prise en charge.","ابدأ الكتابة وانقر على أحد الاقتراحات لتحديد موقع الاستلام.","Empieza a escribir y toca una sugerencia para marcar el lugar de recogida.","Inizia a digitare e tocca un suggerimento per impostare il luogo di ritiro."
"Status:","Status:","Status:","Statut:","حالة:","Estado:","Stato:"
"Stripe is not configured correctly. Set a real EXPO_PUBLIC_STRIPE_PUBLISHABLE_KEY in the client app and a matching STRIPE_SECRET_KEY in the backend.","Stripe is not configured correctly. Set a real EXPO_PUBLIC_STRIPE_PUBLISHABLE_KEY in the client app and a matching STRIPE_SECRET_KEY in the backend.","Stripe ist nicht korrekt konfiguriert. Legen Sie in der Client-Anwendung einen gültigen EXPO_PUBLIC_STRIPE_PUBLISHABLE_KEY-Wert und im Backend einen entsprechenden STRIPE_SECRET_KEY-Wert fest.","Stripe n'est pas correctement configuré. Veuillez définir un EXPO_PUBLIC_STRIPE_PUBLISHABLE_KEY valide dans l'application cliente et un STRIPE_SECRET_KEY correspondant dans le système dorsal.","لم يتم تكوين Stripe بشكل صحيح. قم بتعيين EXPO_PUBLIC_STRIPE_PUBLISHABLE_KEY حقيقي في تطبيق العميل وSTRIPE_SECRET_KEY مطابق له في الواجهة الخلفية.","Stripe no está configurado correctamente. Configure un valor real de EXPO_PUBLIC_STRIPE_PUBLISHABLE_KEY en la aplicación cliente y un valor equivalente de STRIPE_SECRET_KEY en el servidor.","Stripe non è configurato correttamente. Imposta una EXPO_PUBLIC_STRIPE_PUBLISHABLE_KEY valida nell'app client e una STRIPE_SECRET_KEY corrispondente nel backend."
"Stripe is not configured. Set EXPO_PUBLIC_STRIPE_PUBLISHABLE_KEY to a real pk_test_ or pk_live_ key.","Stripe is not configured. Set EXPO_PUBLIC_STRIPE_PUBLISHABLE_KEY to a real pk_test_ or pk_live_ key.","Stripe ist nicht konfiguriert. Weisen Sie EXPO_PUBLIC_STRIPE_PUBLISHABLE_KEY einen gültigen Schlüssel vom Typ pk_test_ oder pk_live_ zu.","Stripe n'est pas configuré. Attribuez à EXPO_PUBLIC_STRIPE_PUBLISHABLE_KEY une touche pk_test_ ou pk_live_ valide.","لم يتم تكوين Stripe. قم بتعيين EXPO_PUBLIC_STRIPE_PUBLISHABLE_KEY إلى مفتاح حقيقي pk_test_ أو pk_live_.","Stripe no está configurado. Asigne a EXPO_PUBLIC_STRIPE_PUBLISHABLE_KEY una clave real pk_test_ o pk_live_.","Stripe non è configurato. Imposta EXPO_PUBLIC_STRIPE_PUBLISHABLE_KEY con una chiave pk_test_ o pk_live_ valida."
"Submit Request","Submit Request","Anfrage senden","Envoyer la demande","إرسال الطلب","Enviar solicitud","Invia richiesta"
"Submit rating","Submit rating","Bewertung abgeben","Soumettre une évaluation","أرسل تقييمك","Enviar calificación","Invia valutazione"
"Submitted","Submitted","Eingereicht","Soumis","مُقَدَّم","Enviado","Inviata"
"Submitted:","Submitted:","Eingereicht:","Soumis :","مُقَدَّم:","Enviado:","Inviata:"
"Submitting request...","Submitting request...","Anfrage wird übermittelt...","Envoi de la requête...","جارٍ إرسال الطلب...","Enviando solicitud...","Invio della richiesta..."
"Submitting...","Submitting...","Wird übermittelt...","Soumission...","تقديم...","Sumisión...","Invio..."
"Swiss registration number (Stammnummer)","Swiss registration number (Stammnummer)","Schweizer Stammnummer","Numéro matricule suisse (Stammnummer)","رقم التسجيل السويسري (Stammnummer)","Número de registro suizo (Stammnummer)","Numero di matricola svizzero (Stammnummer)"
"Swiss registration number must contain exactly 9 digits.","Swiss registration number must contain exactly 9 digits.","Die Schweizer Stammnummer muss genau 9 Ziffern enthalten.","Le numéro matricule suisse doit contenir exactement 9 chiffres.","يجب أن يتكون رقم التسجيل السويسري من 9 أرقام بالضبط.","El número de registro suizo debe contener exactamente 9 dígitos.","Il numero di matricola svizzero deve contenere esattamente 9 cifre."
"Swiss-registered vehicle","Swiss-registered vehicle","In der Schweiz zugelassenes Fahrzeug","Véhicule immatriculé en Suisse","مركبة مسجلة في سويسرا","Vehículo matriculado en Suiza","Veicolo immatricolato in Svizzera"
"Switch app language to {{language}}?","Switch app language to {{language}}?","App-Sprache zu {{language}} ändern?","Changer la langue de l’application en {{language}} ?","تغيير لغة التطبيق إلى {{language}}؟","¿Cambiar el idioma de la aplicación a {{language}}?","Cambiare la lingua dell'app in {{language}}?"
"Switch app language?","Switch app language?","App-Sprache ändern?","Changer la langue de l’application ?","تغيير لغة التطبيق؟","¿Cambiar el idioma de la aplicación?","Cambiare la lingua dell'app?"
"TRP-{{value0}}","TRP-{{value0}}","TRP-{{value0}}","TRP-{{value0}}","TRP-{{value0}}","TRP-{{value0}}","TRP-{{value0}}"
"Take Photo","Take Photo","Foto aufnehmen","Prendre une photo","التقاط صورة","Tomar foto","Scatta foto"
"Tap on the map or search for an address.","Tap on the map or search for an address.","Tippen Sie auf die Karte oder suchen Sie nach einer Adresse.","Appuyez sur la carte ou recherchez une adresse.","اضغط على الخريطة أو ابحث عن عنوان.","Toca el mapa o busca una dirección.","Tocca la mappa oppure cerca un indirizzo."
"Tell drivers the vehicle condition so they can prepare the right equipment.","Tell drivers the vehicle condition so they can prepare the right equipment.","Informieren Sie die Fahrer über den Zustand des Fahrzeugs, damit sie die richtige Ausrüstung vorbereiten können.","Informez les conducteurs de l'état du véhicule afin qu'ils puissent se munir du matériel adéquat.","أخبر السائقين بحالة المركبة حتى يتمكنوا من تجهيز المعدات المناسبة.","Informe a los conductores sobre el estado del vehículo para que puedan preparar el equipo adecuado.","Comunica agli autisti le condizioni del veicolo affinché possano preparare l'attrezzatura adeguata."
"Tell us about the motorcycle","Tell us about the motorcycle","Erzählen Sie uns etwas über das Motorrad.","Parlez-nous de la moto","أخبرنا عن الدراجة النارية","Cuéntanos sobre la motocicleta","Parlaci della moto"
"Tell us about the vehicle","Tell us about the vehicle","Erzählen Sie uns etwas über das Fahrzeug.","Parlez-nous du véhicule","أخبرنا عن السيارة","Cuéntanos sobre el vehículo","Parlaci del veicolo"
"Tell us when, what, and show us what you want to transport.","Tell us when, what, and show us what you want to transport.","Sagen Sie uns, wann und was Sie transportieren möchten, und zeigen Sie uns, was Sie transportieren möchten.","Dites-nous quand, quoi et montrez-nous ce que vous souhaitez transporter.","أخبرنا متى وماذا تريد نقله، وأرنا ما تريد نقله.","Díganos cuándo, qué y muéstrenos qué desea transportar.","Dicci quando e cosa vuoi trasportare e mostraci ciò che desideri trasportare."
"Tell us your name before creating your first request.","Tell us your name before creating your first request.","Nennen Sie uns Ihren Namen, bevor Sie Ihre erste Anfrage erstellen.","Indiquez-nous votre nom avant de créer votre première demande.","أخبرنا باسمك قبل إنشاء طلبك الأول.","Indícanos tu nombre antes de crear tu primera solicitud.","Indicaci il tuo nome prima di creare la tua prima richiesta."
"Terms of Service","Terms of Service","","","","","Termini di servizio"
"The agreed amount will be collected now when you confirm the driver. If you cancel before pickup, 85% is refunded automatically and 15% is kept as the cancellation fee.","The agreed amount will be collected now when you confirm the driver. If you cancel before pickup, 85% is refunded automatically and 15% is kept as the cancellation fee.","Der vereinbarte Betrag wird bei Bestätigung des Fahrers fällig. Bei Stornierung vor Abholung werden 85 % automatisch zurückerstattet, 15 % werden als Stornogebühr einbehalten.","Le montant convenu sera prélevé dès confirmation du chauffeur. En cas d'annulation avant la prise en charge, 85 % seront remboursés automatiquement et 15 % seront conservés à titre de frais d'annulation.","سيتم تحصيل المبلغ المتفق عليه عند تأكيد السائق. في حال الإلغاء قبل موعد الاستلام، يُسترد 85% من المبلغ تلقائيًا، ويُحتفظ بنسبة 15% كرسوم إلغاء.","El importe acordado se cobrará ahora mismo al confirmar al conductor. Si cancela antes de la recogida, se le reembolsará automáticamente el 85 % y se retendrá el 15 % restante como cargo por cancelación.","L'importo concordato verrà addebitato quando confermi l'autista. Se annulli prima del ritiro, l'85% verrà rimborsato automaticamente e il 15% verrà trattenuto come commissione di cancellazione."
"The app will move automatically to the next step once the driver arrives at pickup.","The app will move automatically to the next step once the driver arrives at pickup.","Die App fährt automatisch mit dem nächsten Schritt fort, sobald der Fahrer am Abholort eintrifft.","L'application passera automatiquement à l'étape suivante une fois que le chauffeur sera arrivé au point de prise en charge.","سينتقل التطبيق تلقائيًا إلى الخطوة التالية بمجرد وصول السائق إلى موقع الاستلام.","La aplicación pasará automáticamente al siguiente paso una vez que el conductor llegue al punto de recogida.","L'app passerà automaticamente alla fase successiva quando l'autista arriverà al punto di ritiro."
"The app will reload to apply right-to-left layout.","The app will reload to apply right-to-left layout.","Die App wird neu geladen, um das Rechts-nach-Links-Layout anzuwenden.","L'application va se recharger pour appliquer la mise en page de droite à gauche.","سيُعاد تحميل التطبيق لتطبيق التخطيط من اليمين إلى اليسار.","La aplicación se recargará para aplicar el diseño de derecha a izquierda.","L'app verrà ricaricata per applicare il layout da destra a sinistra."
"The driver confirms item pickup from their app. Once that happens, this flow moves to the delivery tracking screen.","The driver confirms item pickup from their app. Once that happens, this flow moves to the delivery tracking screen.","Der Fahrer bestätigt die Abholung der Ware in seiner App. Sobald dies geschehen ist, wird der Lieferverfolgungsbildschirm angezeigt.","Le chauffeur confirme la prise en charge du colis via son application. Une fois cette confirmation effectuée, le processus se poursuit avec l'écran de suivi de la livraison.","يؤكد السائق استلام الشحنة من خلال تطبيقه. وبمجرد حدوث ذلك، ينتقل المسار إلى شاشة تتبع التسليم.","El conductor confirma la recogida del artículo a través de su aplicación. Una vez que esto ocurre, el proceso pasa a la pantalla de seguimiento de la entrega.","L'autista conferma il ritiro dell'articolo dalla propria app. Una volta confermato, il flusso passa alla schermata di tracciamento della consegna."
"The layout file in","The layout file in","Die Layoutdatei in","Le fichier de mise en page dans","ملف التخطيط في","El archivo de diseño en","Il file di layout in"
"This app has two screens:","This app has two screens:","Diese App verfügt über zwei Bildschirme:","Cette application dispose de deux écrans :","يحتوي هذا التطبيق على شاشتين:","Esta aplicación tiene dos pantallas:","Questa app dispone di due schermate:"
"This chat is closed and no longer accessible.","This chat is closed and no longer accessible.","Dieser Chat ist geschlossen und nicht mehr verfügbar.","Cette discussion est fermée et n’est plus accessible.","تم إغلاق هذه الدردشة ولم تعد متاحة.","Este chat está cerrado y ya no se puede acceder a él.","Questa chat è stata chiusa e non è più accessibile."
"This payment is collected now and held in the platform until the trip outcome is resolved.","This payment is collected now and held in the platform until the trip outcome is resolved.","Diese Zahlung wird jetzt eingezogen und auf der Plattform verwahrt, bis über den Ausgang der Reise entschieden ist.","Ce paiement est encaissé maintenant et conservé sur la plateforme jusqu'à ce que le résultat du voyage soit connu.","يتم تحصيل هذا المبلغ الآن والاحتفاظ به في المنصة حتى يتم حل نتيجة الرحلة.","Este pago se cobra ahora y se retiene en la plataforma hasta que se resuelva el resultado del viaje.","Il pagamento viene addebitato ora e trattenuto dalla piattaforma fino alla conclusione del trasporto."
"This payment method is not available on this platform.","This payment method is not available on this platform.","Diese Zahlungsmethode ist auf dieser Plattform nicht verfügbar.","Ce mode de paiement n'est pas disponible sur cette plateforme.","طريقة الدفع هذه غير متاحة على هذه المنصة.","Este método de pago no está disponible en esta plataforma.","Questo metodo di pagamento non è disponibile su questa piattaforma."
"This permanently deletes your account, signs you out on all devices, and cannot be undone. If you have an active transport request, complete or cancel it before deleting your account.","This permanently deletes your account, signs you out on all devices, and cannot be undone. If you have an active transport request, complete or cancel it before deleting your account.","Dadurch wird Ihr Konto endgültig gelöscht, Sie werden auf allen Geräten abgemeldet und dieser Vorgang kann nicht rückgängig gemacht werden. Wenn Sie einen aktiven Transportauftrag haben, schließen Sie ihn ab oder stornieren Sie ihn, bevor Sie Ihr Konto löschen.","Cette action supprime définitivement votre compte, vous déconnecte de tous vos appareils et ne peut être annulée. Si vous avez une demande de transport active, terminez-la ou annulez-la avant de supprimer votre compte.","سيؤدي هذا إلى حذف حسابك نهائياً، وتسجيل خروجك من جميع الأجهزة، ولا يمكن التراجع عنه. إذا كان لديك طلب نقل نشط، فأكمله أو ألغِه قبل حذف حسابك.","Esto elimina permanentemente tu cuenta, cierra tu sesión en todos los dispositivos y no se puede deshacer. Si tienes una solicitud de transporte activa, complétala o cancélala antes de eliminar tu cuenta.","Questa operazione elimina definitivamente il tuo account, ti disconnette da tutti i dispositivi e non può essere annullata. Se hai una richiesta di trasporto attiva, completala o annullala prima di eliminare il tuo account."
"This request has been cancelled.","This request has been cancelled.","Diese Anfrage wurde storniert.","Cette demande a été annulée.","تم إلغاء هذا الطلب.","Esta solicitud ha sido cancelada.","Questa richiesta è stata annullata."
"This request is no longer draft and cannot be submitted again.","This request is no longer draft and cannot be submitted again.","Dieser Antrag ist kein Entwurf mehr und kann nicht erneut eingereicht werden.","Cette demande n'est plus à l'état de brouillon et ne peut être soumise à nouveau.","لم يعد هذا الطلب مسودة ولا يمكن تقديمه مرة أخرى.","Esta solicitud ya no es un borrador y no se puede volver a enviar.","Questa richiesta non è più una bozza e non può essere inviata nuovamente."
"This starter app includes example","This starter app includes example","Diese Starter-App enthält Beispiele.","Cette application de démarrage inclut des exemples","يتضمن هذا التطبيق المبدئي مثالاً","Esta aplicación de inicio incluye un ejemplo","Questa app iniziale include codice di esempio"
"This template has light and dark mode support. The","This template has light and dark mode support. The","Diese Vorlage unterstützt den Hell- und Dunkelmodus. Die","Ce modèle prend en charge les modes clair et sombre. Le","يحتوي هذا القالب على دعم الوضع الفاتح والداكن. ال","Esta plantilla tiene soporte para modo claro y oscuro.","Questo modello supporta le modalità chiara e scura. L'hook"
"This template includes an example of an animated component. The","This template includes an example of an animated component. The","Diese Vorlage enthält ein Beispiel einer animierten Komponente. Die","Ce modèle comprend un exemple de composant animé. Le","يتضمن هذا القالب مثالاً لمكون متحرك. ال","Esta plantilla incluye un ejemplo de un componente animado.","Questo modello include un esempio di componente animato. Il componente"
"This will permanently delete the request.","This will permanently delete the request.","Dadurch wird die Anfrage endgültig gelöscht.","Cela supprimera définitivement la requête.","سيؤدي هذا إلى حذف الطلب نهائياً.","Esto eliminará la solicitud de forma permanente.","Questa operazione eliminerà definitivamente la richiesta."
"Tires are missing or damaged","Tires are missing or damaged","Reifen fehlen oder sind beschädigt","Les pneus sont manquants ou endommagés.","الإطارات مفقودة أو تالفة","Faltan neumáticos o están dañados.","Pneumatici mancanti o danneggiati"
"Title:","Title:","Titel:","Titre:","عنوان:","Título:","Titolo:"
"Total","Total","Gesamt","Total","الإجمالي","Total","Totale"
"Total balance","Total balance","Gesamtsaldo","Solde total","الرصيد الإجمالي","Saldo total","Saldo totale"
"Track Driver Live","Track Driver Live","Fahrer live verfolgen","Suivre le chauffeur en direct","سائق المسار مباشر","Track Driver en directo","Traccia l'autista in tempo reale"
"Tracking unavailable","Tracking unavailable","Sendungsverfolgung nicht verfügbar","Suivi indisponible","التتبع غير متاح","Seguimiento no disponible","Tracciamento non disponibile"
"Translating...","Translating...","Übersetzen...","Traduire...","ترجمة...","Traductorio...","Traduzione..."
"Translation request failed with status {{value0}}.","Translation request failed with status {{value0}}.","Übersetzungsanfrage mit Status {{value0}} fehlgeschlagen.","La demande de traduction a échoué avec le statut {{value0}}.","فشل طلب الترجمة مع الحالة {{value0}}.","La solicitud de traducción falló con el estado {{value0}}.","La richiesta di traduzione non è riuscita con stato {{value0}}."
"Transpo 24","Transpo 24","Transpo 24","Transpo 24","ترانسبو 24","Transporte 24","Transpo 24"
"Transport Requirements","Transport Requirements","Transportanforderungen","Exigences de transport","متطلبات النقل","Requisitos de transporte","Requisiti di trasporto"
"Transport Title","Transport Title","Transporttitel","Titre de transport","عنوان النقل","Título de transporte","Titolo del trasporto"
"Transport a bike, scooter, or similar motorcycle.","Transport a bike, scooter, or similar motorcycle.","Transportieren Sie ein Motorrad, einen Roller oder ein ähnliches Zweirad.","Transportez une moto, un scooter ou un véhicule similaire.","انقل دراجة أو سكوتر أو دراجة نارية مشابهة.","Transporta una moto, scooter o motocicleta similar.","Trasporta una bicicletta, uno scooter o una moto simile."
"Transport a car, SUV, van, or similar vehicle.","Transport a car, SUV, van, or similar vehicle.","Transportieren Sie ein Auto, SUV, einen Van oder ein ähnliches Fahrzeug.","Transportez une voiture, un SUV, un van ou un véhicule similaire.","انقل سيارة أو مركبة رياضية متعددة الاستخدام أو فان أو مركبة مشابهة.","Transporta un coche, SUV, furgoneta o vehículo similar.","Trasporta un'auto, un SUV, un furgone o un veicolo simile."
"Transport completed","Transport completed","Transport abgeschlossen","Transport terminé","اكتمل النقل","Transporte completado","Trasporto completato"
"Transport home furniture or bulky household items.","Transport home furniture or bulky household items.","Transportieren Sie Möbel oder sperrige Haushaltsgegenstände.","Transportez des meubles ou des objets ménagers volumineux.","انقل أثاث المنزل أو الأغراض المنزلية الكبيرة.","Transporta muebles del hogar o artículos voluminosos.","Trasporta mobili o oggetti domestici ingombranti."
"Transport parcels, boxes, or business goods.","Transport parcels, boxes, or business goods.","Transportieren Sie Pakete, Kartons oder Geschäftswaren.","Transportez des colis, des cartons ou des marchandises professionnelles.","انقل الطرود أو الصناديق أو بضائع الأعمال.","Transporta paquetes, cajas o mercancías comerciales.","Trasporta pacchi, scatole o merci commerciali."
"Transport request","Transport request","Transportanfrage","Demande de transport","طلب نقل","Solicitud de transporte","Richiesta di trasporto"
"Transport title (optional)","Transport title (optional)","Transporttitel (optional)","Titre du transport (facultatif)","عنوان النقل (اختياري)","Título del transporte (opcional)","Titolo del trasporto (facoltativo)"
"Trim / variant","Trim / variant","Ausstattungsvariante","Finition / variante","تقليم / متغير","Acabado / variante","Allestimento / variante"
"Trim:","Trim:","Trimmen:","Garniture:","تقليم:","Recortar:","Allestimento:"
"Trip Delivered","Trip Delivered","Transport zugestellt","Trajet livré","تم تسليم الرحلة","Viaje entregado","Trasporto consegnato"
"Trip ID","Trip ID","Fahrt-ID","ID du trajet","رحلة ID","ID del viaje","ID trasporto"
"Trip cancellation completed but the refund details response was invalid.","Trip cancellation completed but the refund details response was invalid.","Die Reise wurde storniert, aber die Antwort mit den Rückerstattungsdetails war ungültig.","L'annulation du voyage a été effectuée, mais la réponse concernant les détails du remboursement était invalide.","تم إلغاء الرحلة بنجاح، لكن تفاصيل استرداد المبلغ كانت غير صالحة.","La cancelación del viaje se completó, pero la respuesta con los detalles del reembolso no era válida.","Il trasporto è stato annullato, ma la risposta contenente i dettagli del rimborso non era valida."
"Trip payment","Trip payment","Reisezahlung","Paiement du voyage","دفع تكاليف الرحلة","Pago del viaje","Pagamento del trasporto"
"Trip tracking map is available on iOS and Android only.","Trip tracking map is available on iOS and Android only.","Die Fahrtverfolgungskarte ist nur auf iOS und Android verfügbar.","La carte de suivi des trajets est disponible uniquement sur iOS et Android.","تتوفر خريطة تتبع الرحلات على iOS و Android فقط.","El mapa de seguimiento de viajes solo está disponible en iOS y Android.","La mappa di tracciamento del trasporto è disponibile solo su iOS e Android."
"Truck","Truck","LKW","Camion","شاحنة","Camión","Camion"
"Type a message","Type a message","Nachricht eingeben","Écrire un message","اكتب رسالة","Escribe un mensaje","Scrivi un messaggio"
"Type series or variant","Type series or variant","Baureihe oder Variante","Série type ou variante","سلسلة الأنواع أو المتغيرات","Serie tipo o variante","Inserisci serie o variante"
"Type vehicle brand","Type vehicle brand","Typ Fahrzeugmarke","Type de marque du véhicule","نوع ماركة السيارة","Tipo de marca de vehículo","Inserisci la marca del veicolo"
"Type vehicle model","Type vehicle model","Typ Fahrzeugmodell","Type de modèle de véhicule","نوع طراز السيارة","Tipo de modelo de vehículo","Inserisci il modello del veicolo"
"Type:","Type:","Typ:","Taper:","يكتب:","Tipo:","Tipo:"
"Unable to complete your profile.","Unable to complete your profile.","Ihr Profil konnte nicht vervollständigt werden.","Impossible de finaliser votre profil.","تعذر إكمال ملفك الشخصي.","No se pudo completar tu perfil.","Impossibile completare il profilo."
"Unable to continue. Please request a verification code.","Unable to continue. Please request a verification code.","Fortsetzen nicht möglich. Bitte fordern Sie einen Bestätigungscode an.","Impossible de continuer. Demandez un code de vérification.","تعذر المتابعة. يرجى طلب رمز تحقق.","No se puede continuar. Solicita un código de verificación.","Impossibile continuare. Richiedi un codice di verifica."
"Unable to delete account","Unable to delete account","Konto konnte nicht gelöscht werden","Impossible de supprimer le compte","تعذر حذف الحساب","No se puede eliminar la cuenta","Impossibile eliminare l'account"
"Unable to load home data.","Unable to load home data.","Startseitendaten konnten nicht geladen werden.","Impossible de charger les données d'accueil.","تعذر تحميل بيانات الصفحة الرئيسية.","No se pudieron cargar los datos de inicio.","Impossibile caricare i dati della home."
"Unable to load request status.","Unable to load request status.","Anfragestatus konnte nicht geladen werden.","Impossible de charger l'état de la requête.","تعذر تحميل حالة الطلب.","No se pudo cargar el estado de la solicitud.","Impossibile caricare lo stato della richiesta."
"Unable to load requests","Unable to load requests","Anfragen konnten nicht geladen werden","Impossible de charger les demandes","تعذر تحميل الطلبات","No se pudieron cargar las solicitudes","Impossibile caricare le richieste"
"Unable to load services","Unable to load services","Services konnten nicht geladen werden","Impossible de charger les services","تعذر تحميل الخدمات","No se pudieron cargar los servicios","Impossibile caricare i servizi"
"Unable to reach the server.","Unable to reach the server.","Der Server konnte nicht erreicht werden.","Impossible de contacter le serveur.","تعذر الوصول إلى الخادم.","No se puede conectar con el servidor.","Impossibile raggiungere il server."
"Unable to read the saved session.","Unable to read the saved session.","Die gespeicherte Sitzung konnte nicht gelesen werden.","Impossible de lire la session enregistrée.","تعذر قراءة الجلسة المحفوظة.","No se pudo leer la sesión guardada.","Impossibile leggere la sessione salvata."
"Unable to resend the code.","Unable to resend the code.","Der Code konnte nicht erneut gesendet werden.","Impossible de renvoyer le code.","تعذر إعادة إرسال الرمز.","No se pudo reenviar el código.","Impossibile inviare nuovamente il codice."
"Unable to send a verification code.","Unable to send a verification code.","Der Bestätigungscode konnte nicht gesendet werden.","Impossible d’envoyer le code de vérification.","تعذر إرسال رمز التحقق.","No se pudo enviar el código de verificación.","Impossibile inviare il codice di verifica."
"Unable to update your profile.","Unable to update your profile.","Profil konnte nicht aktualisiert werden.","Impossible de mettre à jour le profil.","تعذر تحديث ملفك الشخصي.","No se pudo actualizar el perfil.","Impossibile aggiornare il profilo."
"Unable to verify the code.","Unable to verify the code.","Der Code konnte nicht bestätigt werden.","Impossible de vérifier le code.","تعذر التحقق من الرمز.","No se pudo verificar el código.","Impossibile verificare il codice."
"Unexpected network error.","Unexpected network error.","Unerwarteter Netzwerkfehler.","Erreur réseau inattendue.","خطأ غير متوقع في الشبكة.","Error de red inesperado.","Errore di rete imprevisto."
"Unknown","Unknown","Unbekannt","Inconnu","مجهول","Desconocido","Sconosciuto"
"Unknown additional charges error.","Unknown additional charges error.","Fehler: Unbekannte Zusatzgebühren.","Erreur liée à des frais supplémentaires inconnus.","خطأ في الرسوم الإضافية غير المعروفة.","Error por cargos adicionales desconocidos.","Errore sconosciuto relativo ai costi aggiuntivi."
"Unknown error.","Unknown error.","Unbekannter Fehler.","Erreur inconnue.","خطأ غير معروف.","Error desconocido.","Errore sconosciuto."
"Unknown offers error.","Unknown offers error.","Unbekannte Angebote Fehler.","Erreur d'offre inconnue.","يقدم موقع Unknown خطأً.","Error de ofertas desconocidas.","Errore sconosciuto relativo alle offerte."
"Unknown payment method error.","Unknown payment method error.","Fehler: Unbekannte Zahlungsmethode.","Erreur de mode de paiement inconnu.","خطأ في طريقة الدفع غير المعروفة.","Error en el método de pago desconocido.","Errore sconosciuto relativo al metodo di pagamento."
"Unknown service","Unknown service","Unbekannter Dienst","Service inconnu","خدمة غير معروفة","Servicio desconocido","Servizio sconosciuto"
"Unknown status error.","Unknown status error.","Unbekannter Statusfehler.","Erreur d'état inconnue.","خطأ في الحالة غير معروف.","Error de estado desconocido.","Errore di stato sconosciuto."
"Unknown tracking error.","Unknown tracking error.","Unbekannter Tracking-Fehler.","Erreur de suivi inconnue.","خطأ تتبع غير معروف.","Error de seguimiento desconocido.","Errore di tracciamento sconosciuto."
"Update your account details below.","Update your account details below.","Aktualisieren Sie unten Ihre Kontodaten.","Mettez à jour les informations de votre compte ci-dessous.","حدّث تفاصيل حسابك أدناه.","Actualiza los datos de tu cuenta a continuación.","Aggiorna qui sotto i dati del tuo account."
"Updated: {{time}}","Updated: {{time}}","Aktualisiert: {{time}}","Mise à jour : {{time}}","تم التحديث: {{time}}","Actualizado: {{time}}","Aggiornato: {{time}}"
"Upload Photos","Upload Photos","Fotos hochladen","Télécharger des photos","تحميل الصور","Subir fotos","Carica foto"
"Upload at least one photo so drivers can estimate handling and loading support.","Upload at least one photo so drivers can estimate handling and loading support.","Laden Sie mindestens ein Foto hoch, damit die Fahrer die Handhabung und die Beladungsunterstützung einschätzen können.","Veuillez télécharger au moins une photo afin que les chauffeurs puissent estimer les capacités de manutention et de chargement.","قم بتحميل صورة واحدة على الأقل حتى يتمكن السائقون من تقدير قدرة المناولة ودعم التحميل.","Suba al menos una foto para que los conductores puedan estimar la capacidad de manejo y carga.","Carica almeno una foto per permettere agli autisti di valutare le esigenze di movimentazione e carico."
"Uploading photos...","Uploading photos...","Fotos werden hochgeladen...","Téléchargement des photos...","جارٍ تحميل الصور...","Subiendo fotos...","Caricamento foto..."
"Use Apple Pay in a development build or production build.","Use Apple Pay in a development build or production build.","Verwenden Sie Apple Pay in einem Entwicklungs- oder Produktions-Build.","Utilisez Apple Pay dans une version de développement ou une version de production.","استخدم Apple Pay في إصدار التطوير أو إصدار الإنتاج.","Utilice Apple Pay en una compilación de desarrollo o en una compilación de producción.","Usa Apple Pay in una build di sviluppo o di produzione."
"Use Current Location","Use Current Location","Aktuellen Standort verwenden","Utiliser l'emplacement actuel","استخدم موقعي الحالي","Usar ubicación actual","Usa posizione attuale"
"Use Google Pay in a development build or production build.","Use Google Pay in a development build or production build.","Verwenden Sie Google Pay in einem Entwicklungs- oder Produktions-Build.","Utilisez Google Pay dans une version de développement ou une version de production.","استخدم Google Pay في إصدار التطوير أو إصدار الإنتاج.","Utilice Google Pay en una compilación de desarrollo o en una compilación de producción.","Usa Google Pay in una build di sviluppo o di produzione."
"Use VIN decode if you want us to prefill the details automatically.","Use VIN decode if you want us to prefill the details automatically.","Verwenden Sie den Dekodierungscode VIN, wenn wir die Details automatisch vorausfüllen sollen.","Utilisez le code de décodage VIN si vous souhaitez que nous pré-remplissions automatiquement les informations.","استخدم VIN فك التشفير إذا كنت تريد منا ملء التفاصيل تلقائيًا.","Utilice el código VIN si desea que rellenemos los datos automáticamente.","Usa la decodifica VIN se desideri che i dettagli vengano compilati automaticamente."
"Use a different phone number","Use a different phone number","Andere Telefonnummer verwenden","Utiliser un autre numéro de téléphone","استخدام رقم هاتف مختلف","Usar otro número de teléfono","Usa un numero di telefono diverso"
"Use this for temperature-sensitive goods.","Use this for temperature-sensitive goods.","Verwenden Sie dies für temperaturempfindliche Güter.","À utiliser pour les produits sensibles à la température.","استخدم هذا المنتج للسلع الحساسة لدرجة الحرارة.","Utilice esto para productos sensibles a la temperatura.","Usa questa opzione per merci sensibili alla temperatura."
"Used","Used","Gebraucht","Utilisé","مستخدم","Usado","Usato"
"Utility","Utility","Dienstprogramm","Utilitaire","جدوى","Utilidad","Utilità"
"VIN / Chassis","VIN / Chassis","VIN / Fahrgestellnummer","VIN / Châssis","VIN / الهيكل","VIN / Chasis","VIN / Telaio"
"VIN / Chassis Number (optional)","VIN / Chassis Number (optional)","VIN / Fahrgestellnummer (optional)","VIN / Numéro de châssis (facultatif)","VIN / رقم الهيكل (اختياري)","VIN / Número de chasis (opcional)","VIN / Numero di telaio (facoltativo)"
"Van","Van","Van","Van","شاحنة","Furgoneta","Furgone"
"Variant (optional)","Variant (optional)","Variante (optional)","Variante (optionnelle)","خيار (اختياري)","Variante (opcional)","Variante (facoltativa)"
"Variant:","Variant:","Variante:","Variante:","النسخة البديلة:","Variante:","Variante:"
"Vehicle","Vehicle","Fahrzeug","Véhicule","مركبة","Vehículo","Veicolo"
"Vehicle Brand","Vehicle Brand","Fahrzeugmarke","Marque du véhicule","ماركة السيارة","Marca del vehículo","Marca del veicolo"
"Vehicle Brand (manual)","Vehicle Brand (manual)","Fahrzeugmarke (manuell)","Marque du véhicule (manuel)","ماركة السيارة (يدوي)","Marca del vehículo (manual)","Marca del veicolo (manuale)"
"Vehicle Condition","Vehicle Condition","Fahrzeugzustand","État du véhicule","حالة المركبة","Estado del vehículo","Condizioni del veicolo"
"Vehicle Details","Vehicle Details","Fahrzeugdetails","Détails du véhicule","تفاصيل المركبة","Detalles del vehículo","Dettagli del veicolo"
"Vehicle Model","Vehicle Model","Fahrzeugmodell","Modèle de véhicule","طراز المركبة","Modelo de vehículo","Modello del veicolo"
"Vehicle Model (manual)","Vehicle Model (manual)","Fahrzeugmodell (manuell)","Modèle du véhicule (manuel)","طراز المركبة (يدوي)","Modelo de vehículo (manual)","Modello del veicolo (manuale)"
"Vehicle Series / Variant (optional)","Vehicle Series / Variant (optional)","Fahrzeugbaureihe / Variante (optional)","Série/Variante du véhicule (facultatif)","سلسلة المركبات / الطراز (اختياري)","Serie/variante del vehículo (opcional)","Serie / Variante del veicolo (facoltativa)"
"Vehicle condition","Vehicle condition","Fahrzeugzustand","État du véhicule","حالة المركبة","Estado del vehículo","Condizioni del veicolo"
"Vehicle condition:","Vehicle condition:","Fahrzeugzustand:","État du véhicule :","حالة المركبة:","Estado del vehículo:","Condizioni del veicolo:"
"Vehicle details will appear here","Vehicle details will appear here","Die Fahrzeugdetails werden hier angezeigt.","Les détails du véhicule apparaîtront ici.","ستظهر تفاصيل المركبة هنا","Los detalles del vehículo aparecerán aquí.","I dettagli del veicolo appariranno qui"
"Vehicle transport","Vehicle transport","Fahrzeugtransport","Transport de véhicule","نقل المركبات","Transporte de vehículos","Trasporto veicoli"
"Vehicle type:","Vehicle type:","Fahrzeugtyp:","Type de véhicule :","نوع المركبة:","Tipo de vehículo:","Tipo di veicolo:"
"Verify and continue","Verify and continue","Bestätigen und fortfahren","Vérifier et continuer","تحقق وتابع","Verificar y continuar","Verifica e continua"
"View Status","View Status","Status ansehen","Voir le statut","عرض الحالة","Ver estado","Visualizza stato"
"Wagon / Estate","Wagon / Estate","Kombi","Break / Break","عربة / ستيشن","Familiar / Vagón","Station wagon"
"Waiting assignment","Waiting assignment","Wartezuweisung","Attribution d'attente","مهمة انتظار","Asignación en espera","In attesa di assegnazione"
"Waiting at pickup","Waiting at pickup","Warten am Abholort","En attente au point de prise en charge","في انتظار الاستلام","Esperando en el punto de recogida","In attesa al punto di ritiro"
"Waiting for Pickup","Waiting for Pickup","Warten auf Abholung","En attente d'enlèvement","بانتظار الاستلام","Esperando la recogida","In attesa del ritiro"
"Waiting for confirmation","Waiting for confirmation","Warte auf Bestätigung","En attente de confirmation","في انتظار التأكيد","Esperando confirmación","In attesa di conferma"
"Waiting for driver location updates...","Waiting for driver location updates...","Warten auf Aktualisierungen des Fahrerstandorts...","En attente des mises à jour concernant la localisation du chauffeur...","في انتظار تحديثات موقع السائق...","Esperando actualizaciones de la ubicación del conductor...","In attesa degli aggiornamenti sulla posizione dell'autista..."
"Waiting for driver location...","Waiting for driver location...","Warten auf den Fahrerstandort...","En attente de la position du chauffeur...","في انتظار تحديد موقع السائق...","Esperando la ubicación del conductor...","In attesa della posizione dell'autista..."
"Waiting for location","Waiting for location","Standort wird angefordert","En attente de localisation","في انتظار تحديد الموقع","Esperando ubicación","In attesa della posizione"
"Waiting for offers…","Waiting for offers…","Wir warten auf Angebote…","En attente d'offres…","في انتظار العروض...","Esperando ofertas…","In attesa delle offerte…"
"Waiting for route updates","Waiting for route updates","Warten auf Routenaktualisierungen","En attente de mises à jour de l'itinéraire","في انتظار تحديثات المسار","Esperando actualizaciones de ruta","In attesa degli aggiornamenti del percorso"
"Waiting for updates","Waiting for updates","Warten auf Updates","En attente de mises à jour","في انتظار التحديثات","Esperando actualizaciones","In attesa di aggiornamenti"
"Wallet","Wallet","Geldbörse","Portefeuille","محفظة","Billetera","Portafoglio"
"Wallet Top-Up","Wallet Top-Up","Guthabenaufladung","Rechargement du portefeuille","شحن المحفظة","Recarga de monedero","Ricarica portafoglio"
"Wallet activity","Wallet activity","Wallet-Aktivität","Activité du portefeuille","نشاط المحفظة","Actividad de la cartera","Attività del portafoglio"
"Wallet currency:","Wallet currency:","Währung der Geldbörse:","Devise du portefeuille :","عملة المحفظة:","Moneda de la billetera:","Valuta del portafoglio:"
"Wallet top-up","Wallet top-up","Guthaben aufladen","Rechargement du portefeuille","شحن المحفظة","recarga de monedero","Ricarica portafoglio"
"Wallet top-up is still pending. Please check your wallet again in a moment.","Wallet top-up is still pending. Please check your wallet again in a moment.","Die Aufladung Ihres Wallets ist noch ausstehend. Bitte überprüfen Sie Ihr Wallet in Kürze erneut.","Le rechargement de votre portefeuille est toujours en attente. Veuillez vérifier à nouveau votre portefeuille dans quelques instants.","لا تزال عملية شحن المحفظة قيد الانتظار. يرجى التحقق من محفظتك مرة أخرى بعد قليل.","La recarga de tu monedero aún está pendiente. Vuelve a comprobarlo en un momento.","La ricarica del portafoglio è ancora in sospeso. Controlla nuovamente il portafoglio tra qualche istante."
"We will send a six-digit verification code by SMS.","We will send a six-digit verification code by SMS.","Wir senden Ihnen per SMS einen sechsstelligen Bestätigungscode.","Nous vous enverrons un code de vérification à six chiffres par SMS.","سنرسل رمز تحقق مكون من ستة أرقام بالرمز SMS.","Te enviaremos un código de verificación de seis dígitos por SMS.","Ti invieremo via SMS un codice di verifica a sei cifre."
"Weight (kg)","Weight (kg)","Gewicht (kg)","Poids (kg)","الوزن (كجم)","Peso (kg)","Peso (kg)"
"Weight (kg, optional)","Weight (kg, optional)","Gewicht (kg, optional)","Poids (kg, facultatif)","الوزن (كجم، اختياري)","Peso (kg, opcional)","Peso (kg, facoltativo)"
"Weight:","Weight:","Gewicht:","Poids:","وزن:","Peso:","Peso:"
"Welcome back","Welcome back","Willkommen zurück","Bon retour","مرحباً بعودتك","Bienvenido de nuevo","Bentornato"
"We’ll start matching a driver as soon as the request is submitted.","We’ll start matching a driver as soon as the request is submitted.","Wir beginnen mit der Fahrersuche, sobald die Anfrage eingegangen ist.","Nous commencerons à vous trouver un chauffeur dès que votre demande sera soumise.","سنبدأ بمطابقة السائق بمجرد تقديم الطلب.","Comenzaremos a buscar un conductor tan pronto como se envíe la solicitud.","Inizieremo a cercare un autista non appena la richiesta verrà inviata."
"What do you need to transport?","What do you need to transport?","Was möchten Sie transportieren?","Que devez-vous transporter ?","ماذا تحتاج إلى نقله؟","¿Qué necesitas transportar?","Cosa devi trasportare?"
"What do you want to transport?","What do you want to transport?","Was möchten Sie transportieren?","Que voulez-vous transporter ?","ماذا تريد أن تنقل؟","¿Qué quieres transportar?","Cosa vuoi trasportare?"
"What would you like to transport today?","What would you like to transport today?","Was möchten Sie heute transportieren?","Que souhaitez-vous transporter aujourd'hui ?","ماذا تود نقله اليوم؟","¿Qué te gustaría transportar hoy?","Cosa vorresti trasportare oggi?"
"Where should the driver deliver your item?","Where should the driver deliver your item?","Wohin soll der Fahrer Ihre Sendung liefern?","Où le chauffeur doit-il livrer votre colis ?","أين يجب على السائق توصيل طلبك؟","¿Dónde debe entregar el repartidor su paquete?","Dove deve consegnare l'articolo l'autista?"
"Where should the driver pick up your item?","Where should the driver pick up your item?","Wo soll der Fahrer Ihre Sendung abholen?","Où le chauffeur doit-il récupérer votre colis ?","أين يجب على السائق استلام غرضك؟","¿Dónde debe recoger el conductor su paquete?","Dove deve ritirare l'articolo l'autista?"
"Width (cm)","Width (cm)","Breite (cm)","Largeur (cm)","العرض (سم)","Ancho (cm)","Larghezza (cm)"
"Width cm","Width cm","Breite cm","Largeur cm","العرض سم","Ancho cm","Larghezza (cm)"
"Working","Working","Arbeiten","Fonctionnement","عمل","Laboral","Funzionante"
"XL","XL","XL","XL","مقاس كبير جدًا","SG","XL"
"XS","XS","XS","XS","مقاس XS","XS","XS"
"XXL","XXL","XXL","XXL","XXL","XXL","XXL"
"Year (optional)","Year (optional)","Jahr (optional)","Année (facultatif)","السنة (اختياري)","Año (opcional)","Anno (facoltativo)"
"Year:","Year:","Jahr:","Année:","سنة:","Año:","Anno:"
"Yes","Yes","Ja","Oui","نعم","Sí","Sì"
"Yes ({{workers}} workers)","Yes ({{workers}} workers)","Ja ({{workers}}-Worker)","Oui (travailleurs {{workers}})","نعم (عمال {{workers}})","Sí (trabajadores {{workers}})","Sì ({{workers}} addetti)"
"You are not authorized to access this chat.","You are not authorized to access this chat.","Sie sind nicht berechtigt, auf diesen Chat zuzugreifen.","Vous n'êtes pas autorisé à accéder à cette conversation.","أنت غير مصرح لك بالوصول إلى هذه المحادثة.","No tienes autorización para acceder a este chat.","Non sei autorizzato ad accedere a questa chat."
"You can open this project on Android, iOS, and the web. To open the web version, press","You can open this project on Android, iOS, and the web. To open the web version, press","Sie können dieses Projekt auf Android, iOS und im Internet öffnen. Um die Webversion zu öffnen, drücken Sie","Vous pouvez ouvrir ce projet sur Android, iOS et le Web. Pour ouvrir la version Web, appuyez sur","يمكنك فتح هذا المشروع على Android وiOS والويب. لفتح نسخة الويب، اضغط على","Puedes abrir este proyecto en Android, iOS y la web. Para abrir la versión web, pulsa","Puoi aprire questo progetto su Android, iOS e Web. Per aprire la versione Web, premi"
"You can upload up to {{value0}} photos.","You can upload up to {{value0}} photos.","Sie können bis zu {{value0}} Fotos hochladen.","Vous pouvez télécharger jusqu'à {{value0}} photos.","يمكنك تحميل ما يصل إلى {{value0}} صورة.","Puedes subir hasta {{value0}} fotos.","Puoi caricare fino a {{value0}} foto."
"You do not have access to this request.","You do not have access to this request.","Sie haben keinen Zugriff auf diese Anfrage.","Vous n'avez pas accès à cette requête.","ليس لديك صلاحية الوصول إلى هذا الطلب.","No tienes acceso a esta solicitud.","Non hai accesso a questa richiesta."
"You will be notified as the driver approaches the delivery location.","You will be notified as the driver approaches the delivery location.","Sie werden benachrichtigt, sobald sich der Fahrer dem Lieferort nähert.","Vous serez averti(e) lorsque le chauffeur approchera du lieu de livraison.","سيتم إخطارك عندما يقترب السائق من موقع التسليم.","Se le notificará cuando el conductor se acerque al lugar de entrega.","Riceverai una notifica quando l'autista si avvicina al luogo di consegna."
"Your current transport requests will appear here.","Your current transport requests will appear here.","Ihre aktuellen Transportanfragen werden hier angezeigt.","Vos demandes de transport en cours apparaîtront ici.","ستظهر طلبات النقل الحالية هنا.","Tus solicitudes de transporte actuales aparecerán aquí.","Le tue richieste di trasporto attuali appariranno qui."
"Your rating","Your rating","Ihre Bewertung","Votre note","تقييمك","Tu calificación","La tua valutazione"
"Your recent transport requests will appear here.","Your recent transport requests will appear here.","Ihre letzten Transportanfragen werden hier angezeigt.","Vos demandes de transport récentes apparaîtront ici.","ستظهر طلبات النقل الأخيرة هنا.","Tus solicitudes de transporte recientes aparecerán aquí.","Le tue richieste di trasporto recenti appariranno qui."
"Your request was created. We are waiting for available drivers.","Your request was created. We are waiting for available drivers.","Ihre Anfrage wurde erstellt. Wir warten auf verfügbare Fahrer.","Votre demande a bien été enregistrée. Nous attendons la disponibilité des chauffeurs.","تم إنشاء طلبك. نحن بانتظار السائقين المتاحين.","Su solicitud ha sido creada. Estamos esperando conductores disponibles.","La tua richiesta è stata creata. Siamo in attesa di autisti disponibili."
"Your saved device is still trusted. Check your connection and try again.","Your saved device is still trusted. Check your connection and try again.","Dein gespeichertes Gerät ist weiterhin vertrauenswürdig. Prüfe die Verbindung und versuche es erneut.","Votre appareil enregistré reste approuvé. Vérifiez votre connexion et réessayez.","لا يزال جهازك المحفوظ موثوقًا. تحقق من الاتصال وحاول مرة أخرى.","Tu dispositivo guardado sigue siendo de confianza. Comprueba la conexión e inténtalo de nuevo.","Il dispositivo salvato è ancora considerato attendibile. Controlla la connessione e riprova."
"Your transport requests will appear here.","Your transport requests will appear here.","Ihre Transportanfragen werden hier angezeigt.","Vos demandes de transport apparaîtront ici.","ستظهر طلبات النقل الخاصة بك هنا.","Tus solicitudes de transporte aparecerán aquí.","Le tue richieste di trasporto appariranno qui."
"and","and","und","et","و","y","e"
"and keep fee","and keep fee","und behalten Sie die Gebühr","et conserver les frais","واحتفظ بالرسوم","y mantener la tarifa","e commissione trattenuta"
"chat.join ack payload is invalid.","chat.join ack payload is invalid.","Die Bestätigungsnutzlast von chat.join ist ungültig.","La charge utile de chat.join ack n’est pas valide.","chat.join حمولة ack غير صالحة.","La carga útil de chat.join ack no es válida.","Il payload ack di chat.join non è valido."
"chat.join timed out.","chat.join timed out.","chat.join ist abgelaufen.","La connexion à la conversation a expiré.","انتهت مهلة الدردشة.","El chat.join ha caducado.","Timeout di chat.join."
"chat.message.send ack payload is invalid.","chat.message.send ack payload is invalid.","chat.message.send ack payload ist ungültig.","La charge utile chat.message.send ack n’est pas valide.","chat.message.send حمولة ack غير صالحة.","La carga útil de confirmación de chat.message.send no es válida.","Il payload ack di chat.message.send non è valido."
"chat.message.send timed out.","chat.message.send timed out.","chat.message.send ist abgelaufen.","L'envoi du message a expiré.","انتهت مهلة إرسال رسالة الدردشة.","El envío del mensaje del chat ha expirado.","Timeout di chat.message.send."
"code to help you get started.","code to help you get started.","Code, der Ihnen den Einstieg erleichtert.","Du code pour vous aider à démarrer.","كود لمساعدتك على البدء.","Código para ayudarte a empezar.","per aiutarti a iniziare."
"component uses the powerful","component uses the powerful","Komponente nutzt das Mächtige","Le composant utilise le puissant","يستخدم المكون القوي","El componente utiliza la potente","utilizza la potente libreria"
"extra_expense.add_payment_method_button","Add payment method","Zahlungsmethode hinzufügen","Ajouter un moyen de paiement","إضافة وسيلة دفع","Agregar método de pago","Aggiungi metodo di pagamento"
"extra_expense.app_fee_label","App fee","App-Gebühr (10 %)","Frais de l'application (10 %)","رسوم التطبيق (10%)","Tarifa de la app (10%)","Commissione dell'app (10%)"
"extra_expense.approval_failed","Unable to approve the additional charge.","Die Zusatzkosten konnten nicht genehmigt werden.","Impossible d'approuver les frais supplémentaires.","تعذر الموافقة على الرسوم الإضافية.","No se pudo aprobar el cargo adicional.","Impossibile approvare i costi aggiuntivi."
"extra_expense.approve_button","Approve charge","Kosten genehmigen","Approuver les frais","الموافقة على الرسوم","Aprobar cargo","Approva costi"
"extra_expense.cancel_button","Cancel","Abbrechen","Annuler","إلغاء","Cancelar","Annulla"
"extra_expense.cash_on_delivery_notice","Pay this additional charge in cash on delivery.","Genehmigen Sie jetzt und zahlen Sie dem Fahrer bei der Lieferung bar.","Approuvez maintenant et payez le chauffeur en espèces lors de la livraison.","وافق الآن وادفع للسائق نقداً عند تسليم الطلب.","Aprueba ahora y paga al conductor en efectivo cuando se entregue el pedido.","Approva ora e paga l'autista in contanti alla consegna."
"extra_expense.cash_on_delivery_option","Cash on delivery","Bar bei Lieferung","Paiement à la livraison","الدفع نقداً عند التسليم","Pago contra entrega","Pagamento in contanti alla consegna"
"extra_expense.change_card_button","Change card","Karte ändern","Changer de carte","تغيير البطاقة","Cambiar tarjeta","Cambia carta"
"extra_expense.confirm_button","Confirm approval","Belastung bestätigen","Confirmer le débit","تأكيد الخصم","Confirmar cobro","Conferma addebito"
"extra_expense.confirm_input_helper","Enter {{keyword}} exactly as shown.","Geben Sie unten ""{{keyword}}"" ein, um fortzufahren.","Saisissez ""{{keyword}}"" dans le champ ci-dessous pour continuer.","أدخل ""{{keyword}}"" في الحقل أدناه للمتابعة.","Introduce ""{{keyword}}"" en el campo de abajo para continuar.","Inserisci ""{{keyword}}"" nel campo qui sotto per continuare."
"extra_expense.confirm_input_label","Confirmation","Bestätigungstext","Texte de confirmation","نص التأكيد","Texto de confirmación","Testo di conferma"
"extra_expense.confirm_keyword","Agree","Einverstanden","Accepte","أوافق","Acepto","CONFERMO"
"extra_expense.confirm_prompt","Type {{keyword}} to approve this additional charge.","Geben Sie ""{{keyword}}"" ein, um zu bestätigen und Ihre gespeicherte Karte sofort zu belasten.","Saisissez ""{{keyword}}"" pour confirmer et débiter immédiatement votre carte enregistrée.","اكتب ""{{keyword}}"" للتأكيد وخصم المبلغ من بطاقتك المحفوظة فوراً.","Escribe ""{{keyword}}"" para confirmar y cobrar de inmediato a tu tarjeta guardada.","Digita ""{{keyword}}"" per confermare e addebitare immediatamente l'importo sulla carta salvata."
"extra_expense.confirm_title","Approve additional charge","Zusatzkosten genehmigen","Approuver les frais supplémentaires","الموافقة على الرسوم الإضافية","Aprobar cargo adicional","Approva costi aggiuntivi"
"extra_expense.expense_amount_label","Expense amount","Kostenbetrag","Montant des frais","قيمة المصروف","Monto del gasto","Importo della spesa"
"extra_expense.no_saved_card_message","No saved card is available.","Noch keine gespeicherte Karte vorhanden.","Aucune carte enregistrée pour le moment.","لا توجد بطاقة محفوظة حتى الآن.","Todavía no hay una tarjeta guardada.","Non è ancora stata salvata alcuna carta."
"extra_expense.payment_option_label","Payment option","Zahlungsoption","Option de paiement","خيار الدفع","Opción de pago","Opzione di pagamento"
"extra_expense.processing_button","Processing...","Wird verarbeitet...","Traitement...","جارٍ المعالجة...","Procesando...","Elaborazione..."
"extra_expense.retry_button","Retry payment","Erneut versuchen","Réessayer","إعادة المحاولة","Reintentar cargo","Riprova"
"extra_expense.saved_card_label","Saved card","Gespeicherte Karte","Carte enregistrée","البطاقة المحفوظة","Tarjeta guardada","Carta salvata"
"extra_expense.saved_card_notice","The additional charge will use your saved card","Ihre gespeicherte Standardkarte wird direkt nach der Genehmigung belastet","Votre carte par défaut enregistrée sera débitée immédiatement après l'approbation","سيتم خصم الرسوم من بطاقتك الافتراضية المحفوظة مباشرة بعد الموافقة","Tu tarjeta predeterminada guardada se cobrará inmediatamente después de la aprobación","I costi verranno addebitati direttamente sulla carta predefinita salvata dopo l'approvazione."
"extra_expense.saved_card_option","Saved card","Gespeicherte Karte","Carte enregistrée","البطاقة المحفوظة","Tarjeta guardada","Carta salvata"
"extra_expense.success_message","Additional charge approved successfully.","Die Zusatzkosten wurden erfolgreich genehmigt.","Les frais supplémentaires ont été approuvés avec succès.","تمت الموافقة على الرسوم الإضافية بنجاح.","El cargo adicional se aprobó correctamente.","I costi aggiuntivi sono stati approvati con successo."
"for","for","für","pour","ل","para","per"
"hook lets you inspect what the user's current color scheme is, and so you can adjust UI colors accordingly.","hook lets you inspect what the user's current color scheme is, and so you can adjust UI colors accordingly.","Mit diesem Hook können Sie das aktuelle Farbschema des Benutzers überprüfen und die UI-Farben entsprechend anpassen.","Ce hook vous permet d'inspecter le schéma de couleurs actuel de l'utilisateur et ainsi d'ajuster les couleurs de l'interface utilisateur en conséquence.","تتيح لك خاصية الربط فحص نظام الألوان الحالي للمستخدم، وبالتالي يمكنك تعديل ألوان واجهة المستخدم وفقًا لذلك.","Este hook te permite inspeccionar cuál es la combinación de colores actual del usuario, para que puedas ajustar los colores de la interfaz de usuario en consecuencia.","consente di rilevare lo schema colori attuale dell'utente e di adattare di conseguenza i colori dell'interfaccia."
"iOS simulator","iOS simulator","iOS-Simulator","Simulateur iOS","محاكي iOS","Simulador iOS","Simulatore iOS"
"immediately.","immediately.","sofort.","immédiatement.","في الحال.","inmediatamente.","immediatamente."
"in the terminal running this project.","in the terminal running this project.","im Terminal, auf dem dieses Projekt ausgeführt wird.","dans le terminal exécutant ce projet.","في المحطة التي تدير هذا المشروع.","en la terminal donde se ejecuta este proyecto.","nel terminale in cui è in esecuzione il progetto."
"joinTripRoom ack payload is invalid.","joinTripRoom ack payload is invalid.","Die JoinTripRoom-Bestätigungsnutzlast ist ungültig.","La charge utile joinTripRoom ack n’est pas valide.","حمولة ack joinTripRoom غير صالحة.","La carga útil de confirmación de joinTripRoom no es válida.","Il payload ack di joinTripRoom non è valido."
"joinTripRoom timed out.","joinTripRoom timed out.","joinTripRoom ist abgelaufen.","La connexion à TripRoom a expiré.","انتهت مهلة الانضمام إلى غرفة الرحلات.","joinTripRoom ha caducado.","Timeout di joinTripRoom."
"library to animate opening this hint.","library to animate opening this hint.","Bibliothek, um das Öffnen dieses Hinweises zu animieren.","bibliothèque pour animer l’ouverture de cet indice.","مكتبة لتحريك فتح هذا التلميح.","biblioteca para animar la apertura de esta sugerencia.","per animare l'apertura di questo suggerimento."
"payment_method.cancel_button","Cancel","Abbrechen","Annuler","إلغاء","Cancelar","Annulla"
"payment_method.card_required","Please complete your card details.","Vervollständigen Sie die Kartendaten, um fortzufahren.","Complétez les informations de votre carte pour continuer.","أكمل بيانات البطاقة للمتابعة.","Completa los datos de tu tarjeta para continuar.","Completa i dati della carta per continuare."
"payment_method.create_failed","Unable to create the payment method.","Die Kartenzahlungsmethode konnte nicht erstellt werden.","Impossible de créer le moyen de paiement par carte.","تعذر إنشاء وسيلة الدفع للبطاقة.","No se pudo crear el método de pago con tarjeta.","Impossibile creare il metodo di pagamento della carta."
"payment_method.save_button","Save Payment Method","Karte speichern","Enregistrer la carte","حفظ البطاقة","Guardar tarjeta","Salva carta"
"payment_method.save_failed","Unable to save the payment method.","Die Zahlungsmethode konnte nicht gespeichert werden.","Impossible d'enregistrer le moyen de paiement.","تعذر حفظ وسيلة الدفع.","No se pudo guardar el método de pago.","Impossibile salvare il metodo di pagamento."
"payment_method.subtitle","Add a card securely for this request.","Speichern Sie einmal eine Standardkarte, damit zukünftige Zusatzkosten ohne erneute Karteneingabe genehmigt werden können.","Enregistrez une carte par défaut une seule fois pour approuver de futurs frais supplémentaires sans ressaisir les données de la carte.","احفظ بطاقة افتراضية مرة واحدة حتى تتمكن من الموافقة على الرسوم الإضافية مستقبلاً بدون إعادة إدخال بيانات البطاقة.","Guarda una tarjeta predeterminada una vez para aprobar futuros cargos adicionales sin volver a ingresar los datos de la tarjeta.","Salva una carta predefinita una sola volta per poter approvare in futuro i costi aggiuntivi senza reinserire i dati della carta."
"payment_method.title","Payment Method","Zahlungsmethode","Moyen de paiement","وسيلة الدفع","Método de pago","Metodo di pagamento"
"react-native-reanimated","react-native-reanimated","react-native-reanimated","React Native réanimé","إعادة تحريك react-native","react-native-reanimated","react-native-reanimated"
"request_status.ACCEPTED","Driver accepted","Angebot angenommen","Offre acceptée","تم قبول العرض","Oferta aceptada","Offerta accettata"
"request_status.CANCELLED","Cancelled","Storniert","Annulé","ملغى","Cancelado","Annullato"
"request_status.COMPLETED","Completed","Abgeschlossen","Terminé","مكتمل","Completado","Completato"
"request_status.DELIVERED","Delivered","Zugestellt","Livré","تم التسليم","Entregado","Consegnato"
"request_status.DRAFT","Draft","Entwurf","Brouillon","مسودة","Borrador","Bozza"
"request_status.DRIVER_ARRIVED_PICKUP","Driver arrived at pickup","Fahrer am Abholort angekommen","Chauffeur arrivé au point d’enlèvement","وصل السائق إلى موقع الاستلام","El conductor llegó al punto de recogida","L'autista è arrivato al punto di ritiro"
"request_status.DRIVER_ASSIGNED","Driver assigned","Fahrer zugewiesen","Chauffeur attribué","تم تعيين السائق","Conductor asignado","Autista assegnato"
"request_status.DRIVER_GOING_TO_DROPOFF","Driver is going to dropoff","Fahrer unterwegs zur Lieferung","Chauffeur en route vers la livraison","السائق في طريقه إلى التسليم","Conductor de camino a la entrega","L'autista è in viaggio verso la consegna"
"request_status.DRIVER_GOING_TO_PICKUP","Driver is going to pickup","Fahrer unterwegs zur Abholung","Chauffeur en route vers l’enlèvement","السائق في طريقه إلى الاستلام","Conductor de camino a la recogida","L'autista è in viaggio verso il ritiro"
"request_status.IN_TRANSIT","In transit","Unterwegs","En transit","قيد النقل","En tránsito","In transito"
"request_status.ITEM_PICKED_UP","Item picked up","Artikel abgeholt","Article récupéré","تم استلام العنصر","Artículo recogido","Articolo ritirato"
"request_status.PENDING_QUOTES","Waiting for driver offers","Wartet auf Fahrerangebote","En attente d’offres de chauffeurs","بانتظار عروض السائقين","Esperando ofertas de conductores","In attesa delle offerte degli autisti"
"request_status.PICKUP_IN_PROGRESS","Pickup in progress","Abholung läuft","Enlèvement en cours","جارٍ الاستلام","Recogida en curso","Ritiro in corso"
"request_status.QUOTED","Choose your driver","Angebote erhalten","Offres reçues","تم استلام العروض","Ofertas recibidas","Offerte ricevute"
"sets up the tab navigator.","sets up the tab navigator.","Richtet den Tab-Navigator ein.","configure le navigateur d'onglets.","يقوم بإعداد متصفح علامات التبويب.","Configura el navegador de pestañas.","configura il navigatore a schede."
"shipment","shipment","Lieferung","expédition","شحنة","envío","spedizione"
"src/app/_layout.tsx","src/app/_layout.tsx","src/app/_layout.tsx","src/app/_layout.tsx","src/app/_layout.tsx","src/app/_layout.tsx","src/app/_layout.tsx"
"src/app/explore.tsx","src/app/explore.tsx","src/app/explore.tsx","src/app/explore.tsx","src/app/explore.tsx","src/app/explore.tsx","src/app/explore.tsx"
"src/app/index.tsx","src/app/index.tsx","src/app/index.tsx","src/app/index.tsx","src/app/index.tsx","src/app/index.tsx","src/app/index.tsx"
"src/components/ui/collapsible.tsx","src/components/ui/collapsible.tsx","src/components/ui/collapsible.tsx","src/components/ui/collapsible.tsx","src/components/ui/collapsible.tsx","src/components/ui/collapsible.tsx","src/components/ui/collapsible.tsx"
"suffixes to provide files for different screen densities.","suffixes to provide files for different screen densities.","Suffixe, um Dateien für unterschiedliche Bildschirmdichten bereitzustellen.","suffixes pour fournir des fichiers pour différentes densités d’écran.","لاحقات لتوفير ملفات لكثافات الشاشة المختلفة.","sufijos para proporcionar archivos para diferentes densidades de pantalla.","suffissi per fornire file per diverse densità dello schermo."
"there","there","da","vous","هناك","allí","lì"
"useAppLanguage must be used inside LocalizationProvider.","useAppLanguage must be used inside LocalizationProvider.","useAppLanguage muss innerhalb von LocalizationProvider verwendet werden.","useAppLanguage doit être utilisé dans LocalizationProvider.","يجب استخدام useAppLanguage داخل LocalizationProvider.","useAppLanguage debe usarse dentro de LocalizationProvider.","useAppLanguage deve essere utilizzato all'interno di LocalizationProvider."
"useColorScheme()","useColorScheme()","useColorScheme()","utiliserSchémaDeCouleurs()","useColorScheme()","usarEsquemaDeColor()","useColorScheme()"
"vehicleRequest.additionalIssues","Additional requirements (multiple choices)","Zusätzliche Anforderungen (Mehrfachauswahl)","Besoins supplémentaires (choix multiples)","مشاكل ومتطلبات إضافية (اختيارات متعددة)","Necesidades adicionales (selección múltiple)","Esigenze aggiuntive (scelta multipla)"
"vehicleRequest.back","Back","Zurück","Retour","رجوع","Atrás","Indietro"
"vehicleRequest.body.CONVERTIBLE","Convertible","Cabriolet","Cabriolet","مكشوفة","Descapotable","Cabriolet"
"vehicleRequest.body.COUPE","Coupe","Coupé","Coupé","كوبيه","Cupé","Coupé"
"vehicleRequest.body.ESTATE","Estate","Kombi","Break","ستيشن","Familiar","Station wagon"
"vehicleRequest.body.HATCHBACK","Hatchback","Schrägheck","Berline à hayon","هاتشباك","Hatchback","Due volumi"
"vehicleRequest.body.OTHER","Other","Sonstige","Autre","أخرى","Otro","Altro"
"vehicleRequest.body.PICKUP","Pickup","Pickup","Pick-up","بيك أب","Pickup","Pick-up"
"vehicleRequest.body.SEDAN","Sedan","Limousine","Berline","سيدان","Sedán","Berlina"
"vehicleRequest.body.SUV","SUV","SUV","SUV","دفع رباعي","SUV","SUV"
"vehicleRequest.body.VAN","Van","Van / Transporter","Fourgon","فان","Furgoneta","Furgone"
"vehicleRequest.bodyType","Body type","Karosserietyp","Type de carrosserie","نوع الهيكل","Tipo de carrocería","Tipo di carrozzeria"
"vehicleRequest.brand","Make","Marke","Marque","الماركة","Marca","Marca"
"vehicleRequest.calculatingDistance","Calculating distance…","Entfernung wird berechnet …","Calcul de la distance…","جارٍ حساب المسافة…","Calculando distancia…","Calcolo della distanza…"
"vehicleRequest.camera","Take photo","Foto aufnehmen","Prendre une photo","التقاط صورة","Hacer foto","Scatta foto"
"vehicleRequest.catalogUnavailable","The vehicle list is unavailable. You can enter the details manually.","Die Fahrzeugliste ist nicht verfügbar. Sie können die Daten manuell eingeben.","La liste est indisponible. Vous pouvez saisir les données manuellement.","قائمة السيارات غير متاحة. يمكنك إدخال البيانات يدوياً.","La lista no está disponible. Puedes introducir los datos manualmente.","L’elenco non è disponibile. Puoi inserire i dati manualmente."
"vehicleRequest.checkLookup","Please check the vehicle data and complete any missing fields.","Bitte Fahrzeugdaten prüfen und fehlende Angaben ergänzen.","Vérifiez les données et complétez les champs manquants.","يرجى مراجعة بيانات السيارة وإكمال الحقول الناقصة.","Revisa los datos del vehículo y completa los campos que faltan.","Controlla i dati del veicolo e completa i campi mancanti."
"vehicleRequest.close","Close","Schließen","Fermer","إغلاق","Cerrar","Chiudi"
"vehicleRequest.confirmDropoff","Confirm delivery address","Lieferadresse bestätigen","Confirmer l’adresse de livraison","تأكيد عنوان التسليم","Confirmar dirección de entrega","Conferma indirizzo di consegna"
"vehicleRequest.confirmPickup","Confirm pickup address","Abholadresse bestätigen","Confirmer l’adresse d’enlèvement","تأكيد عنوان الاستلام","Confirmar dirección de recogida","Conferma indirizzo di ritiro"
"vehicleRequest.continue","Continue","Weiter","Continuer","متابعة","Continuar","Continua"
"vehicleRequest.currentLocation","Use current location","Aktuellen Standort verwenden","Utiliser ma position","استخدام موقعي الحالي","Usar ubicación actual","Usa la posizione attuale"
"vehicleRequest.date","Date","Datum","Date","التاريخ","Fecha","Data"
"vehicleRequest.distance","Distance","Entfernung","Distance","المسافة","Distancia","Distanza"
"vehicleRequest.distanceUnavailable","Distance unavailable","Entfernung nicht verfügbar","Distance indisponible","المسافة غير متاحة","Distancia no disponible","Distanza non disponibile"
"vehicleRequest.edit","Edit","Bearbeiten","Modifier","تعديل","Editar","Modifica"
"vehicleRequest.errorBody","Select the body type.","Bitte Karosserietyp auswählen.","Sélectionnez le type de carrosserie.","اختر نوع الهيكل.","Selecciona el tipo de carrocería.","Seleziona il tipo di carrozzeria."
"vehicleRequest.errorBrand","Vehicle make is missing.","Fahrzeugmarke fehlt.","La marque du véhicule est manquante.","ماركة السيارة ناقصة.","Falta la marca del vehículo.","Manca la marca del veicolo."
"vehicleRequest.errorCondition","Select the vehicle’s basic condition.","Bitte den grundlegenden Fahrzeugzustand auswählen.","Sélectionnez l’état principal du véhicule.","اختر حالة السيارة الأساسية.","Selecciona el estado principal del vehículo.","Seleziona la condizione principale del veicolo."
"vehicleRequest.errorDropoff","Delivery address is missing.","Lieferadresse fehlt.","L’adresse de livraison est manquante.","عنوان التسليم ناقص.","Falta la dirección de entrega.","Manca l’indirizzo di consegna."
"vehicleRequest.errorModel","Vehicle model is missing.","Fahrzeugmodell fehlt.","Le modèle du véhicule est manquant.","موديل السيارة ناقص.","Falta el modelo del vehículo.","Manca il modello del veicolo."
"vehicleRequest.errorNotes","Notes must be 500 characters or fewer.","Hinweise dürfen höchstens 500 Zeichen enthalten.","Les remarques ne doivent pas dépasser 500 caractères.","يجب ألا تتجاوز الملاحظات 500 حرف.","Las notas no pueden superar los 500 caracteres.","Le note non possono superare 500 caratteri."
"vehicleRequest.errorPhotos","You can add up to eight photos.","Sie können bis zu acht Fotos hinzufügen.","Vous pouvez ajouter jusqu’à huit photos.","يمكنك إضافة ثماني صور كحد أقصى.","Puedes añadir hasta ocho fotos.","Puoi aggiungere fino a otto foto."
"vehicleRequest.errorPickup","Pickup address is missing.","Abholadresse fehlt.","L’adresse d’enlèvement est manquante.","عنوان الاستلام ناقص.","Falta la dirección de recogida.","Manca l’indirizzo di ritiro."
"vehicleRequest.errorRegistration","Enter the nine-digit Swiss registration number.","Bitte die neunstellige Stammnummer eingeben.","Saisissez le numéro matricule suisse à neuf chiffres.","أدخل رقم التسجيل السويسري المؤلف من تسعة أرقام.","Introduce el número de registro suizo de nueve dígitos.","Inserisci il numero di matricola svizzero di nove cifre."
"vehicleRequest.errorSameAddress","Choose a delivery address different from pickup.","Bitte eine andere Lieferadresse als die Abholadresse wählen.","Choisissez une adresse de livraison différente du lieu d’enlèvement.","اختر عنوان تسليم مختلفاً عن الاستلام.","Elige una dirección de entrega diferente a la recogida.","Scegli un indirizzo di consegna diverso dal ritiro."
"vehicleRequest.errorSchedule","Pickup appointment is missing or in the past.","Abholtermin fehlt oder liegt in der Vergangenheit.","Le rendez-vous d’enlèvement est manquant ou passé.","موعد الاستلام ناقص أو مضى وقته.","La cita de recogida falta o está en el pasado.","L’appuntamento di ritiro manca o è nel passato."
"vehicleRequest.errorTransmission","Select the transmission.","Bitte Getriebe auswählen.","Sélectionnez la transmission.","اختر ناقل الحركة.","Selecciona la transmisión.","Seleziona il cambio."
"vehicleRequest.errorVin","VIN must contain 17 valid letters and numbers (no I, O or Q).","Die VIN muss 17 gültige Buchstaben und Ziffern enthalten (ohne I, O oder Q).","Le VIN doit contenir 17 lettres et chiffres valides (sans I, O ni Q).","يجب أن يتكون رقم الهيكل من 17 حرفاً ورقماً دون I أو O أو Q.","El VIN debe tener 17 letras y números válidos (sin I, O ni Q).","Il VIN deve contenere 17 lettere e numeri validi (senza I, O o Q)."
"vehicleRequest.errorWeight","Enter the vehicle weight in kg, greater than zero.","Bitte das Fahrzeuggewicht in kg eingeben (größer als 0).","Saisissez le poids du véhicule en kg, supérieur à zéro.","أدخل وزن السيارة بالكيلوغرام أكبر من صفر.","Introduce un peso en kg mayor que cero.","Inserisci un peso in kg maggiore di zero."
"vehicleRequest.errorYear","Enter a valid year of manufacture.","Bitte ein gültiges Baujahr eingeben.","Saisissez une année de fabrication valide.","أدخل سنة صنع صحيحة.","Introduce un año de fabricación válido.","Inserisci un anno di produzione valido."
"vehicleRequest.gallery","Choose photos","Fotos auswählen","Choisir des photos","اختيار صور","Elegir fotos","Scegli foto"
"vehicleRequest.immediate","As soon as possible","So bald wie möglich","Dès que possible","في أقرب وقت","Lo antes posible","Il prima possibile"
"vehicleRequest.issue.ACCIDENT","Accident damage","Unfallfahrzeug","Véhicule accidenté","سيارة حادث","Vehículo accidentado","Veicolo incidentato"
"vehicleRequest.issue.BRAKES_LOCKED","Brakes locked","Bremsen blockiert","Freins bloqués","الفرامل مقفلة","Frenos bloqueados","Freni bloccati"
"vehicleRequest.issue.CRANE","Crane needed","Kran erforderlich","Grue nécessaire","تحتاج رافعة","Necesita grúa","Gru necessaria"
"vehicleRequest.issue.DEAD_BATTERY","Dead battery","Batterie leer","Batterie déchargée","البطارية فارغة","Batería descargada","Batteria scarica"
"vehicleRequest.issue.MISSING_WHEELS","Missing wheels","Fehlende Räder","Roues manquantes","عجلات ناقصة","Faltan ruedas","Ruote mancanti"
"vehicleRequest.issue.NO_KEY","No key","Schlüssel fehlt","Clé absente","المفتاح غير موجود","Sin llave","Chiave assente"
"vehicleRequest.issue.STEERING_LOCKED","Steering locked","Lenkung blockiert","Direction bloquée","المقود مقفل","Dirección bloqueada","Sterzo bloccato"
"vehicleRequest.issue.WINCH","Winch needed","Seilwinde erforderlich","Treuil nécessaire","تحتاج ونش سحب","Necesita cabrestante","Verricello necessario"
"vehicleRequest.kilometers","{{distance}} km","{{distance}} km","{{distance}} km","{{distance}} كم","{{distance}} km","{{distance}} km"
"vehicleRequest.locationPermission","Location access is off. You can search for your address instead.","Der Standortzugriff ist deaktiviert. Sie können Ihre Adresse über die Suche auswählen.","L’accès à la position est désactivé. Vous pouvez rechercher votre adresse.","الوصول للموقع غير مسموح. يمكنك البحث عن عنوانك.","El acceso a la ubicación está desactivado. Puedes buscar tu dirección.","L’accesso alla posizione è disattivato. Puoi cercare l’indirizzo."
"vehicleRequest.locationUnavailable","Unable to find your address. Please use the address search.","Ihre Adresse konnte nicht ermittelt werden. Bitte die Adresssuche verwenden.","Impossible de trouver votre adresse. Utilisez la recherche.","تعذر تحديد عنوانك. يرجى استخدام البحث.","No se pudo encontrar tu dirección. Usa la búsqueda.","Impossibile trovare l’indirizzo. Usa la ricerca."
"vehicleRequest.lookup","Find vehicle","Fahrzeug suchen","Rechercher le véhicule","البحث عن السيارة","Buscar vehículo","Cerca veicolo"
"vehicleRequest.lookupUnavailable","No complete vehicle data found. Please select or enter the missing details.","Keine vollständigen Fahrzeugdaten gefunden. Bitte fehlende Angaben auswählen oder eingeben.","Données incomplètes ou introuvables. Sélectionnez ou saisissez les informations manquantes.","لم تتوفر بيانات كاملة للسيارة. اختر البيانات الناقصة أو أدخلها يدوياً.","Datos incompletos o no encontrados. Completa los campos que faltan.","Dati incompleti o non trovati. Completa i campi mancanti."
"vehicleRequest.manualEntry","Not found? Enter manually","Nicht gefunden? Manuell eingeben","Introuvable ? Saisir manuellement","لم تجدها؟ أدخل البيانات يدوياً","¿No lo encuentras? Introducir manualmente","Non trovato? Inserisci manualmente"
"vehicleRequest.mobility.NOT_ROLLABLE","Cannot roll","Nicht rollfähig","Impossible à déplacer sur ses roues","لا يمكن دحرجتها","No puede rodar","Non spostabile sulle ruote"
"vehicleRequest.mobility.ROLLABLE","Not drivable, but can roll","Nicht fahrbereit, aber rollfähig","Non roulante, mais déplaçable sur ses roues","لا تعمل لكن يمكن دحرجتها","No funciona, pero puede rodar","Non marciante, ma spostabile sulle ruote"
"vehicleRequest.mobility.RUNNING","Drivable","Fahrbereit","En état de rouler","تعمل ويمكن قيادتها","Se puede conducir","Marciante"
"vehicleRequest.model","Model","Modell","Modèle","الموديل","Modelo","Modello"
"vehicleRequest.nearbyDistance","{{distance}} km away","{{distance}} km entfernt","À {{distance}} km","على بعد {{distance}} كم","A {{distance}} km","A {{distance}} km"
"vehicleRequest.noPhotos","No photos added","Keine Fotos hinzugefügt","Aucune photo ajoutée","لم تتم إضافة صور","Sin fotos","Nessuna foto aggiunta"
"vehicleRequest.noPlaces","No matching addresses","Keine passenden Adressen","Aucune adresse correspondante","لا توجد عناوين مطابقة","No hay direcciones coincidentes","Nessun indirizzo corrispondente"
"vehicleRequest.notes","Notes (optional)","Hinweise (optional)","Remarques (facultatif)","ملاحظات (اختياري)","Notas (opcional)","Note (facoltative)"
"vehicleRequest.optionalPhotos","Photos are optional. Add them if you would like.","Fotos sind optional. Fügen Sie bei Bedarf Fotos hinzu.","Les photos sont facultatives. Ajoutez-en si vous le souhaitez.","الصور اختيارية دائماً. يمكنك إضافتها إن رغبت.","Las fotos son opcionales. Añádelas si lo deseas.","Le foto sono facoltative. Aggiungile se vuoi."
"vehicleRequest.photoCount","{{count}}/{{max}}","{{count}}/{{max}}","{{count}}/{{max}}","{{count}}/{{max}}","{{count}}/{{max}}","{{count}}/{{max}}"
"vehicleRequest.photoFailed","Unable to save these photos. Please try again or continue without photos.","Diese Fotos konnten nicht gespeichert werden. Bitte erneut versuchen oder ohne Fotos fortfahren.","Impossible d’enregistrer ces photos. Réessayez ou continuez sans photos.","تعذر حفظ الصور. حاول مجدداً أو تابع دون صور.","No se pudieron guardar las fotos. Inténtalo de nuevo o continúa sin ellas.","Impossibile salvare le foto. Riprova o continua senza."
"vehicleRequest.photoPermission","Please allow photo access, or continue without photos.","Bitte den Fotozugriff erlauben oder ohne Fotos fortfahren.","Autorisez l’accès aux photos ou continuez sans photos.","يرجى السماح بالوصول للصور أو المتابعة دون صور.","Permite el acceso a las fotos o continúa sin ellas.","Consenti l’accesso alle foto o continua senza."
"vehicleRequest.progress","Step {{current}} of {{total}}","Schritt {{current}} von {{total}}","Étape {{current}} sur {{total}}","المرحلة {{current}} من {{total}}","Paso {{current}} de {{total}}","Passaggio {{current}} di {{total}}"
"vehicleRequest.registration","Swiss registration number","Stammnummer (Schweiz)","Numéro matricule (Suisse)","رقم التسجيل السويسري","Número de registro suizo","Numero di matricola svizzero"
"vehicleRequest.removePhoto","Remove","Entfernen","Retirer","حذف","Eliminar","Rimuovi"
"vehicleRequest.save","Save changes","Änderungen speichern","Enregistrer les modifications","حفظ التعديلات","Guardar cambios","Salva modifiche"
"vehicleRequest.schedule","Pickup appointment","Abholtermin","Rendez-vous d’enlèvement","موعد الاستلام","Cita de recogida","Appuntamento di ritiro"
"vehicleRequest.search","Search","Suchen","Rechercher","بحث","Buscar","Cerca"
"vehicleRequest.searchAddress","Search for an address","Adresse suchen","Rechercher une adresse","ابحث عن عنوان","Buscar una dirección","Cerca un indirizzo"
"vehicleRequest.searchUnavailable","Address search is unavailable. Please try again.","Die Adresssuche ist nicht verfügbar. Bitte erneut versuchen.","La recherche d’adresse est indisponible. Réessayez.","البحث عن العنوان غير متاح. يرجى المحاولة مجدداً.","La búsqueda no está disponible. Inténtalo de nuevo.","La ricerca non è disponibile. Riprova."
"vehicleRequest.select","Select","Auswählen","Sélectionner","اختر","Seleccionar","Seleziona"
"vehicleRequest.specialPhotos","If available, a photo would help the driver understand the vehicle’s condition. You can continue without photos.","Falls vorhanden, hilft ein Foto dem Fahrer, den Fahrzeugzustand einzuschätzen. Sie können ohne Fotos fortfahren.","Si possible, une photo aidera le chauffeur à évaluer l’état du véhicule. Vous pouvez continuer sans photos.","إن توفرت صورة فقد تساعد السائق على معرفة حالة السيارة. يمكنك المتابعة دون صور.","Si tienes una foto, ayudará al conductor a evaluar el estado del vehículo. Puedes continuar sin fotos.","Se disponibile, una foto aiuterà l’autista a valutare il veicolo. Puoi continuare senza foto."
"vehicleRequest.startFromServices","Please select vehicle transport to start your request.","Bitte Fahrzeugtransport auswählen, um Ihre Anfrage zu starten.","Sélectionnez le transport de véhicule pour commencer.","يرجى اختيار خدمة نقل السيارة لبدء الطلب.","Selecciona transporte de vehículos para empezar.","Seleziona trasporto veicoli per iniziare."
"vehicleRequest.step.condition","Vehicle condition","Fahrzeugzustand","État du véhicule","حالة السيارة","Estado del vehículo","Condizioni del veicolo"
"vehicleRequest.step.dropoff","Delivery address","Lieferadresse","Adresse de livraison","عنوان التسليم","Dirección de entrega","Indirizzo di consegna"
"vehicleRequest.step.photos","Vehicle photos","Fahrzeugfotos","Photos du véhicule","صور السيارة","Fotos del vehículo","Foto del veicolo"
"vehicleRequest.step.pickup","Pickup address","Abholadresse","Adresse d’enlèvement","عنوان الاستلام","Dirección de recogida","Indirizzo di ritiro"
"vehicleRequest.step.review","Review request","Anfrage prüfen","Vérifier la demande","مراجعة الطلب","Revisar solicitud","Riepilogo richiesta"
"vehicleRequest.step.schedule","Pickup appointment","Abholtermin","Rendez-vous d’enlèvement","موعد الاستلام","Cita de recogida","Appuntamento di ritiro"
"vehicleRequest.step.vehicle","Vehicle","Fahrzeug","Véhicule","السيارة","Vehículo","Veicolo"
"vehicleRequest.storageFailed","Your changes are kept while this screen is open, but could not be saved on this device. Please keep the app open.","Ihre Änderungen bleiben auf diesem Bildschirm erhalten, konnten aber nicht auf dem Gerät gespeichert werden. Bitte die App geöffnet lassen.","Vos modifications restent sur cet écran, mais n’ont pas pu être enregistrées sur l’appareil. Gardez l’application ouverte.","تعديلاتك محفوظة أثناء فتح هذه الشاشة لكن تعذر حفظها على الجهاز. يرجى إبقاء التطبيق مفتوحاً.","Los cambios se conservan en esta pantalla, pero no se pudieron guardar en el dispositivo. Mantén la aplicación abierta.","Le modifiche restano su questa schermata, ma non sono state salvate sul dispositivo. Mantieni l’app aperta."
"vehicleRequest.submit","Send request","Anfrage senden","Envoyer la demande","إرسال الطلب","Enviar solicitud","Invia richiesta"
"vehicleRequest.submitFailed","Your request could not be sent. Your draft is saved; please try again.","Ihre Anfrage konnte nicht gesendet werden. Ihr Entwurf ist gespeichert. Bitte erneut versuchen.","Votre demande n’a pas pu être envoyée. Votre brouillon est enregistré ; réessayez.","تعذر إرسال الطلب. مسودتك محفوظة؛ يرجى المحاولة مجدداً.","No se pudo enviar la solicitud. El borrador está guardado; inténtalo de nuevo.","Impossibile inviare la richiesta. La bozza è salvata; riprova."
"vehicleRequest.time","Time (24 hours)","Uhrzeit (24 Stunden)","Heure (24 heures)","الوقت (24 ساعة)","Hora (24 horas)","Ora (24 ore)"
"vehicleRequest.title","Vehicle transport","Fahrzeugtransport","Transport de véhicule","نقل السيارة","Transporte de vehículos","Trasporto veicoli"
"vehicleRequest.transmission","Transmission","Getriebe","Transmission","ناقل الحركة","Transmisión","Cambio"
"vehicleRequest.transmissionType.AUTOMATIC","Automatic","Automatik","Automatique","أوتوماتيك","Automática","Automatico"
"vehicleRequest.transmissionType.MANUAL","Manual","Schaltgetriebe","Manuelle","يدوي","Manual","Manuale"
"vehicleRequest.transmissionType.OTHER","Other","Sonstiges","Autre","أخرى","Otra","Altro"
"vehicleRequest.useCatalog","Choose from the catalog","Aus der Liste auswählen","Choisir dans le catalogue","الاختيار من القائمة","Elegir del catálogo","Scegli dal catalogo"
"vehicleRequest.vin","VIN","VIN / Fahrgestellnummer","VIN / numéro de châssis","رقم الهيكل VIN","VIN / número de bastidor","VIN / numero di telaio"
"vehicleRequest.weight","Weight (kg)","Gewicht (kg)","Poids (kg)","الوزن (كغ)","Peso (kg)","Peso (kg)"
"vehicleRequest.withoutPhotos","Continue without photos","Ohne Fotos fortfahren","Continuer sans photos","المتابعة دون صور","Continuar sin fotos","Continua senza foto"
"vehicleRequest.year","Year","Baujahr","Année","سنة الصنع","Año","Anno"
"{{amount}} {{currency}} for {{reason}}","{{amount}} {{currency}} for {{reason}}","{{amount}} {{currency}} für {{reason}}","{{amount}} {{currency}} pour {{reason}}","{{amount}} {{currency}} لـ {{reason}}","{{amount}} {{currency}} para {{reason}}","{{amount}} {{currency}} per {{reason}}"
"{{value0}} Server returned: {{value1}}","{{value0}} Server returned: {{value1}}","Der Server {{value0}} antwortete: {{value1}}","{{value0}} Le serveur a renvoyé : {{value1}}","أعاد الخادم {{value0}}: {{value1}}","El servidor {{value0}} devolvió: {{value1}}","{{value0}} Il server ha restituito: {{value1}}"
"{{value0}} You can retry without losing form data.","{{value0}} You can retry without losing form data.","{{value0}} Sie können es erneut versuchen, ohne Formulardaten zu verlieren.","{{value0}} Vous pouvez réessayer sans perdre les données du formulaire.","{{value0}} يمكنك إعادة المحاولة دون فقدان بيانات النموذج.","{{value0}} Puede volver a intentarlo sin perder los datos del formulario.","{{value0}} Puoi riprovare senza perdere i dati del modulo."
"{{value0}} km","{{value0}} km","{{value0}} km","{{value0}} km","{{value0}} كم","{{value0}} km","{{value0}} km"
"{{value0}} m","{{value0}} m","{{value0}} m","{{value0}} m","{{value0}} m","{{value0}} m","{{value0}} m"
"{{value0}} offers available","{{value0}} offers available","{{value0}} Angebote verfügbar","{{value0}} offres disponibles","العروض المتاحة {{value0}}","{{value0}} ofrece disponibilidad","{{value0}} offerte disponibili"
"{{value0}} offers available • Lowest {{value1}} {{value2}}","{{value0}} offers available • Lowest {{value1}} {{value2}}","{{value0}} Angebote verfügbar • Niedrigster Preis für {{value1}} {{value2}}","Offres {{value0}} disponibles • Prix les plus bas {{value1}} {{value2}}","عروض {{value0}} متوفرة • أقل سعر {{value1}} {{value2}}","Ofertas disponibles para {{value0}} • Precio más bajo para {{value1}} y {{value2}}","{{value0}} offerte disponibili • Più bassa {{value1}} {{value2}}"
"{{value0}} {{value1}}","{{value0}} {{value1}}","{{value0}} {{value1}}","{{value0}} {{value1}}","{{value0}} {{value1}}","{{value0}} {{value1}}","{{value0}} {{value1}}"
"{{value0}} {{value1}} {{value2}}","{{value0}} {{value1}} {{value2}}","{{value0}} {{value1}} {{value2}}","{{value0}} {{value1}} {{value2}}","{{value0}} {{value1}} {{value2}}","{{value0}} {{value1}} {{value2}}","{{value0}} {{value1}} {{value2}}"
"{{value0}} •••• {{value1}}","{{value0}} •••• {{value1}}","{{value0}} •••• {{value1}}","{{value0}} •••• {{value1}}","{{value0}} •••• {{value1}}","{{value0}} •••• {{value1}}","{{value0}} •••• {{value1}}"
"{{value0}}, {{value1}}","{{value0}}, {{value1}}","{{value0}}, {{value1}}","{{value0}}, {{value1}}","{{value0}}، {{value1}}","{{value0}}, {{value1}}","{{value0}}, {{value1}}"
"{{value0}}:{{value1}}:{{value2}}","{{value0}}:{{value1}}:{{value2}}","{{value0}}:{{value1}}:{{value2}}","{{value0}}:{{value1}}:{{value2}}","{{value0}}:{{value1}}:{{value2}}","{{value0}}:{{value1}}:{{value2}}","{{value0}}:{{value1}}:{{value2}}"
"{{value0}}{{value1}}{{value2}}","{{value0}}{{value1}}{{value2}}","{{value0}}{{value1}}{{value2}}","{{value0}}{{value1}}{{value2}}","{{value0}}{{value1}}{{value2}}","{{value0}}{{value1}}{{value2}}","{{value0}}{{value1}}{{value2}}"
"★ {{value0}}","★ {{value0}}","★ {{value0}}","★ {{value0}}","★ {{value0}}","★ {{value0}}","★ {{value0}}"
